{"type": "FeatureCollection", "name": "mirzo-ulugbek-district", "features": [{"type": "Feature", "properties": {"name_uz_lt": "Mirzo Ulug'bek tumani", "name_uz_kr": "Мирзо Улуғбек", "region": "Toshkent shahri", "tuman_id": "10:09", "district_code": "1726269", "soato": "1726", "centroid": [69.373701, 41.335372], "bbox": [69.280276, 41.306288, 69.469887, 41.422477]}, "geometry": {"type": "MultiPolygon", "coordinates": [[[[69.3958411, 41.3642084], [69.395842, 41.3642072], [69.3958511, 41.3642125], [69.3958584, 41.3642168], [69.395864, 41.3642202], [69.3958973, 41.3642398], [69.3958974, 41.3642399], [69.3959071, 41.3642456], [69.3959071, 41.3642457], [69.3959121, 41.3642486], [69.3960646, 41.3643418], [69.3964993, 41.3646074], [69.3965453, 41.3646351], [69.3966405, 41.3646924], [69.3969945, 41.3649056], [69.3970145, 41.3649176], [69.3971993, 41.3650289], [69.3972442, 41.365056], [69.3972718, 41.3650289], [69.3972973, 41.3650039], [69.3973377, 41.3650289], [69.3975993, 41.3651908], [69.3976109, 41.365198], [69.3976283, 41.3652087], [69.3977599, 41.3652902], [69.3979881, 41.3654282], [69.3980839, 41.3654861], [69.3983451, 41.3656441], [69.398408, 41.3656826], [69.3988641, 41.3659613], [69.3988684, 41.365956], [69.3988701, 41.365954], [69.398872, 41.3659516], [69.3988858, 41.3659347], [69.3989558, 41.3658493], [69.3989884, 41.3658094], [69.3990545, 41.3657286], [69.3991458, 41.3656171], [69.3991843, 41.3655611], [69.3991969, 41.3655428], [69.3992857, 41.3654137], [69.3994514, 41.3651699], [69.3995123, 41.3650893], [69.3995454, 41.3650546], [69.3997989, 41.3647878], [69.3998159, 41.3647966], [69.4000483, 41.3649169], [69.40005, 41.3649142], [69.400055, 41.3649067], [69.4000554, 41.364906], [69.4000747, 41.364914], [69.4001205, 41.3649332], [69.4003875, 41.3650451], [69.4004705, 41.365053], [69.4004926, 41.3650551], [69.4004942, 41.3650505], [69.4005778, 41.3647988], [69.4005806, 41.3647995], [69.4006029, 41.3648044], [69.4009618, 41.364883], [69.4009643, 41.3648753], [69.4009643, 41.3648751], [69.4009709, 41.3648491], [69.4010693, 41.364464], [69.4010932, 41.3643581], [69.4012036, 41.3639705], [69.4013484, 41.3634418], [69.401382, 41.3632897], [69.4013775, 41.3631898], [69.4013672, 41.3631372], [69.4013417, 41.3631061], [69.4013193, 41.3630917], [69.4012978, 41.3630779], [69.401271, 41.3630646], [69.4012613, 41.3630597], [69.4012124, 41.3630354], [69.4011847, 41.3630217], [69.4011859, 41.3630201], [69.4011862, 41.3630197], [69.4011903, 41.3630138], [69.4011946, 41.3630078], [69.4012869, 41.3629573], [69.4013712, 41.3629112], [69.4013796, 41.3629206], [69.4013892, 41.3629313], [69.4013892, 41.3629313], [69.4014361, 41.3629745], [69.4014368, 41.3629752], [69.4015162, 41.3630367], [69.4016094, 41.3630924], [69.4017456, 41.3631607], [69.4018608, 41.3632083], [69.4018608, 41.3632083], [69.4018617, 41.3632087], [69.401901, 41.3632239], [69.4019528, 41.3632424], [69.4019528, 41.3632424], [69.4020243, 41.3632691], [69.402113, 41.3632975], [69.402143, 41.3633069], [69.4021637, 41.3633135], [69.4021637, 41.3633135], [69.4021698, 41.3633154], [69.4021707, 41.3633156], [69.4021874, 41.3633209], [69.4022087, 41.3633274], [69.4022232, 41.3633318], [69.4022232, 41.3633318], [69.4022619, 41.3633436], [69.4022825, 41.3633499], [69.4022903, 41.3633522], [69.4023232, 41.3633623], [69.4023811, 41.3633804], [69.4024419, 41.3633976], [69.4024847, 41.3634088], [69.4024987, 41.3634124], [69.4025079, 41.3634148], [69.4025729, 41.3634333], [69.40264, 41.3634518], [69.40264, 41.3634518], [69.4026946, 41.3634678], [69.4027513, 41.3634844], [69.4027732, 41.3634905], [69.402795, 41.3634966], [69.4028196, 41.3635041], [69.4028394, 41.3635101], [69.4028603, 41.3635164], [69.4028916, 41.3635254], [69.4029355, 41.3635381], [69.4029355, 41.3635381], [69.4030192, 41.3635614], [69.4030764, 41.3635787], [69.4030765, 41.3635787], [69.4031442, 41.363599], [69.4031443, 41.363599], [69.4032244, 41.3636215], [69.4032244, 41.3636215], [69.4032409, 41.3636264], [69.4032546, 41.3636305], [69.4032997, 41.363644], [69.4033009, 41.3636444], [69.4033572, 41.3636612], [69.4034383, 41.3636838], [69.4034383, 41.3636838], [69.4035054, 41.3637039], [69.4035077, 41.3637046], [69.4035369, 41.3637133], [69.4035834, 41.3637271], [69.4036307, 41.3637418], [69.4036393, 41.3637444], [69.4036393, 41.3637445], [69.4037077, 41.3637628], [69.4037718, 41.3637808], [69.4038096, 41.3637926], [69.4038258, 41.3637976], [69.4038944, 41.3638165], [69.4039349, 41.3638276], [69.4039669, 41.3638364], [69.4040385, 41.3638573], [69.4040964, 41.3638739], [69.4041247, 41.363882], [69.4041247, 41.363882], [69.4041407, 41.3638858], [69.4041749, 41.3638939], [69.4042016, 41.3639002], [69.4042176, 41.363904], [69.404226, 41.363906], [69.4042261, 41.363906], [69.4042711, 41.3639175], [69.4042769, 41.3639203], [69.4042838, 41.3639235], [69.4042936, 41.3639309], [69.4043013, 41.3639366], [69.4043097, 41.363943], [69.4043098, 41.363943], [69.4043151, 41.3639487], [69.4043327, 41.3639674], [69.4043409, 41.3639773], [69.4043472, 41.363985], [69.4043499, 41.3639883], [69.4043585, 41.3639989], [69.4043585, 41.3639989], [69.4043685, 41.3640118], [69.4043764, 41.364022], [69.4043786, 41.3640248], [69.4043786, 41.3640249], [69.4043953, 41.3640157], [69.404415, 41.3640048], [69.4044203, 41.3640018], [69.4044332, 41.3639947], [69.4044338, 41.3639944], [69.4044825, 41.3639705], [69.4044857, 41.363969], [69.4044874, 41.3639798], [69.4044884, 41.3639857], [69.4044916, 41.3640054], [69.4044926, 41.364012], [69.4044966, 41.3640365], [69.4044977, 41.3640428], [69.4045004, 41.3640596], [69.4045021, 41.3640702], [69.4045103, 41.3640777], [69.4045189, 41.3640856], [69.4045408, 41.3641058], [69.4045541, 41.364118], [69.4047407, 41.3642897], [69.4047505, 41.3642991], [69.4055347, 41.3650434], [69.4055404, 41.3650378], [69.4055463, 41.3650319], [69.4056302, 41.3649489], [69.4056863, 41.3648936], [69.4058668, 41.3647151], [69.4059767, 41.3646064], [69.4060209, 41.3645627], [69.4060211, 41.3645626], [69.4061172, 41.3644676], [69.4062933, 41.3642936], [69.4063224, 41.3642642], [69.4063487, 41.3642376], [69.4063502, 41.3642361], [69.4063519, 41.3642343], [69.4064234, 41.3641649], [69.4064236, 41.3641647], [69.406459, 41.3641297], [69.4065157, 41.3640737], [69.4066571, 41.363934], [69.4070531, 41.3635425], [69.4070656, 41.3635302], [69.4071141, 41.3634822], [69.406937, 41.3633805], [69.4069353, 41.3633795], [69.4058903, 41.3627796], [69.4058047, 41.3627304], [69.4057981, 41.3627266], [69.4057943, 41.3627245], [69.4058633, 41.3626536], [69.4060998, 41.3624102], [69.4062067, 41.3623003], [69.4064336, 41.3620668], [69.4066159, 41.3618793], [69.406654, 41.36184], [69.4067376, 41.3617541], [69.406857, 41.3616313], [69.4069544, 41.3615311], [69.4069575, 41.3615293], [69.4069896, 41.3615106], [69.4069931, 41.3615086], [69.4071574, 41.3611943], [69.4071962, 41.3611201], [69.4071988, 41.3611151], [69.4072393, 41.3610377], [69.4072442, 41.3610284], [69.4072599, 41.360998], [69.4074023, 41.3607235], [69.4075865, 41.3603682], [69.4075895, 41.3603624], [69.4075895, 41.3603624], [69.4076101, 41.3603686], [69.4077004, 41.360396], [69.4077004, 41.360396], [69.4077114, 41.360375], [69.4078544, 41.3601017], [69.4077498, 41.3600675], [69.4077526, 41.3600621], [69.407753, 41.3600614], [69.4077597, 41.3600486], [69.4082392, 41.3591411], [69.4086, 41.3584857], [69.4086447, 41.3584044], [69.4087049, 41.3582976], [69.4088686, 41.3580065], [69.4090479, 41.357916], [69.4091974, 41.3578336], [69.4094234, 41.3577089], [69.4094439, 41.3576976], [69.4094526, 41.3576928], [69.4094957, 41.357669], [69.4095, 41.3576667], [69.4095057, 41.3576757], [69.4095057, 41.3576758], [69.4095405, 41.3577314], [69.4095441, 41.3577373], [69.409701, 41.3577905], [69.4097668, 41.3577954], [69.4098459, 41.3578013], [69.4099205, 41.3578299], [69.4100386, 41.3578751], [69.4100387, 41.3578749], [69.4100428, 41.3578697], [69.4100449, 41.357867], [69.4100449, 41.3578668], [69.4101113, 41.3577735], [69.4101208, 41.3577772], [69.41013, 41.3577807], [69.4101707, 41.3577963], [69.4101714, 41.3577966], [69.4104153, 41.3578903], [69.4104803, 41.3579204], [69.4104939, 41.3579267], [69.4106414, 41.3579951], [69.410646, 41.3579972], [69.410676, 41.3580111], [69.4110609, 41.3582815], [69.4111055, 41.3583129], [69.411194, 41.3583904], [69.4112317, 41.3584235], [69.4113104, 41.3585576], [69.4113677, 41.3586552], [69.4114248, 41.3587499], [69.4115006, 41.3588754], [69.41153, 41.3589241], [69.4115584, 41.3589636], [69.4115689, 41.3589783], [69.4115836, 41.3589987], [69.411584, 41.3589992], [69.411603, 41.3590257], [69.4116055, 41.3590291], [69.4116243, 41.3590553], [69.4116772, 41.3590889], [69.411685, 41.3590938], [69.4117064, 41.3591074], [69.4117284, 41.3591213], [69.4117348, 41.3591254], [69.4117934, 41.3591625], [69.4118313, 41.3591866], [69.4118984, 41.3592291], [69.4119326, 41.3592476], [69.4121977, 41.3593908], [69.4123654, 41.3594061], [69.4125883, 41.3594166], [69.4126177, 41.359418], [69.4126423, 41.3594245], [69.4127593, 41.3594551], [69.4127656, 41.3594595], [69.4127845, 41.3594728], [69.4128602, 41.3595259], [69.4128625, 41.3595425], [69.412864, 41.3595683], [69.412869, 41.3596578], [69.4128703, 41.3596808], [69.4128703, 41.3596809], [69.412868, 41.3596885], [69.4128668, 41.3596923], [69.4128625, 41.3597062], [69.4128542, 41.3597333], [69.4128071, 41.3597737], [69.4127967, 41.3597827], [69.4127815, 41.3597957], [69.4127605, 41.3598138], [69.4127114, 41.3598561], [69.4127045, 41.3598619], [69.412642, 41.3599386], [69.4126368, 41.3599498], [69.4126228, 41.3599797], [69.4126227, 41.3599801], [69.4126223, 41.3599816], [69.4126222, 41.3599822], [69.4126068, 41.3600477], [69.4126086, 41.3600576], [69.412624, 41.3601424], [69.4126695, 41.3601954], [69.4127514, 41.3602905], [69.4127827, 41.3603268], [69.4128591, 41.3604005], [69.4128824, 41.360423], [69.4129498, 41.3604879], [69.412996, 41.3605324], [69.4130014, 41.3605377], [69.4130508, 41.3605853], [69.4130625, 41.3605965], [69.4130783, 41.3606118], [69.4130899, 41.360623], [69.4130985, 41.3606313], [69.4131091, 41.3606415], [69.4131233, 41.3606551], [69.4131518, 41.3606848], [69.4131541, 41.3606873], [69.4131834, 41.3607177], [69.4132028, 41.3607379], [69.413216, 41.3607517], [69.4132188, 41.3607546], [69.4132196, 41.3607554], [69.4132201, 41.360756], [69.4132419, 41.3607786], [69.4132558, 41.3607931], [69.4132577, 41.3607951], [69.4133351, 41.3608756], [69.4133434, 41.3608803], [69.4134064, 41.3609162], [69.4134532, 41.3609429], [69.4134559, 41.3609439], [69.4135494, 41.3609793], [69.4135775, 41.36099], [69.4136766, 41.3610165], [69.4136792, 41.3610172], [69.4137121, 41.3610261], [69.4137708, 41.3610417], [69.4137721, 41.3610405], [69.413776, 41.3610368], [69.4137899, 41.3610236], [69.4139819, 41.3608406], [69.4140449, 41.3607806], [69.4140465, 41.360779], [69.4140476, 41.3607779], [69.4140476, 41.3607779], [69.4140585, 41.3607902], [69.4140903, 41.3608264], [69.414119, 41.3608589], [69.4141296, 41.3608709], [69.4141653, 41.3609114], [69.414222, 41.3609757], [69.414222, 41.3609757], [69.4142225, 41.3609754], [69.4143555, 41.3608862], [69.4143575, 41.3608848], [69.4143603, 41.3608829], [69.4143604, 41.3608829], [69.4145229, 41.3607557], [69.4148675, 41.3605691], [69.4149704, 41.3605464], [69.4149988, 41.3605401], [69.4150829, 41.3605722], [69.4150946, 41.3605767], [69.4151107, 41.3605828], [69.4151127, 41.3605836], [69.4154375, 41.360648], [69.415669, 41.360694], [69.41567, 41.3606942], [69.4156757, 41.3606854], [69.4156888, 41.3606655], [69.4158665, 41.3607273], [69.4158677, 41.3607277], [69.4158706, 41.3607238], [69.4158702, 41.3607232], [69.4158763, 41.360716], [69.4158988, 41.3606858], [69.4158988, 41.3606858], [69.4159177, 41.3606922], [69.4159298, 41.3606964], [69.4161149, 41.3607595], [69.4162678, 41.3608117], [69.4162866, 41.3608181], [69.4163066, 41.3608249], [69.416314, 41.3608274], [69.4165884, 41.360921], [69.4166291, 41.3609349], [69.4166902, 41.3609557], [69.4166946, 41.3609572], [69.4168477, 41.3610095], [69.4169189, 41.3610338], [69.4169189, 41.3610338], [69.4171455, 41.3611111], [69.4171727, 41.3611204], [69.417298, 41.3611635], [69.417298, 41.3611635], [69.4173999, 41.3611986], [69.4174673, 41.3612218], [69.4175541, 41.3612516], [69.4179621, 41.361392], [69.4179658, 41.3613932], [69.4178297, 41.3616128], [69.4177863, 41.3616828], [69.4177615, 41.3617229], [69.4178623, 41.3617573], [69.4180226, 41.3618119], [69.4182209, 41.3618795], [69.4186758, 41.3620339], [69.418801, 41.3620765], [69.4189665, 41.3621326], [69.4194281, 41.3622881], [69.4195443, 41.3623272], [69.4195682, 41.3623353], [69.4195697, 41.3623358], [69.4196863, 41.3623332], [69.4197468, 41.3623318], [69.4198164, 41.3623302], [69.4198736, 41.362329], [69.4198887, 41.3623286], [69.4199211, 41.3623279], [69.4199523, 41.3623385], [69.4202852, 41.3624516], [69.4204847, 41.3625271], [69.4205606, 41.3625558], [69.4205614, 41.3625561], [69.4206861, 41.3626333], [69.4206909, 41.3626302], [69.4206976, 41.3626257], [69.4207278, 41.3626057], [69.4207672, 41.3625796], [69.4207673, 41.3625795], [69.4207711, 41.362577], [69.4207777, 41.3625728], [69.4208238, 41.362543], [69.4209986, 41.36243], [69.4210591, 41.3623901], [69.4211112, 41.3623558], [69.4211719, 41.3623158], [69.4211719, 41.3623157], [69.4212613, 41.3622568], [69.4213206, 41.3622177], [69.4213206, 41.3622177], [69.421367, 41.3621871], [69.4214062, 41.3621612], [69.4214062, 41.3621612], [69.4214063, 41.3621612], [69.4214627, 41.3621229], [69.421481, 41.3621104], [69.421524, 41.362081], [69.4215263, 41.3620795], [69.42157, 41.3620497], [69.4215715, 41.3620487], [69.421572, 41.3620484], [69.4216561, 41.3619871], [69.4216664, 41.3619795], [69.4219573, 41.3617674], [69.4221511, 41.3616257], [69.4221643, 41.361616], [69.4221751, 41.361608], [69.4223383, 41.3614874], [69.4223383, 41.3614874], [69.4224333, 41.3614172], [69.4224334, 41.3614172], [69.4225073, 41.3613626], [69.4226411, 41.3612639], [69.4226453, 41.3612606], [69.4227544, 41.3611651], [69.4228091, 41.3611188], [69.4228106, 41.3611174], [69.4228106, 41.3611174], [69.4228107, 41.3611174], [69.4228121, 41.361116], [69.4228121, 41.361116], [69.4228915, 41.3610388], [69.4228944, 41.3610356], [69.4228972, 41.3610325], [69.4228989, 41.3610299], [69.4228991, 41.3610297], [69.4229, 41.3610282], [69.422997, 41.3608688], [69.422999, 41.3608652], [69.4230129, 41.3608372], [69.4230204, 41.3608221], [69.4230269, 41.360809], [69.4230269, 41.3608089], [69.4230276, 41.3608075], [69.4230305, 41.3608016], [69.4230354, 41.3607917], [69.4230446, 41.360773], [69.4230448, 41.3607726], [69.4230607, 41.3607405], [69.4230691, 41.3607236], [69.4231013, 41.3606621], [69.4231645, 41.3605411], [69.4231645, 41.3605411], [69.4232306, 41.3604242], [69.4232592, 41.3603737], [69.4232593, 41.3603735], [69.4232593, 41.3603735], [69.4232596, 41.360373], [69.4232599, 41.3603724], [69.423303, 41.3602908], [69.4234369, 41.3600745], [69.4235388, 41.3599045], [69.4235581, 41.3598723], [69.423586, 41.3598257], [69.4236236, 41.3597629], [69.4236428, 41.3597309], [69.4236428, 41.3597309], [69.4237404, 41.3595795], [69.4237523, 41.3595625], [69.423755, 41.3595586], [69.423773, 41.3595329], [69.423773, 41.3595329], [69.4238214, 41.3594763], [69.4238768, 41.3594277], [69.4239493, 41.359377], [69.4240006, 41.3593525], [69.4240038, 41.3593509], [69.4240629, 41.3593227], [69.4242251, 41.3592611], [69.4243327, 41.3592201], [69.4243563, 41.3592116], [69.4244892, 41.3591632], [69.424513, 41.3591545], [69.4245984, 41.3591234], [69.4246897, 41.3590895], [69.4249048, 41.3590112], [69.4249089, 41.3590097], [69.4249377, 41.3589993], [69.4249644, 41.3589895], [69.4249653, 41.3589892], [69.4249725, 41.3589866], [69.4250603, 41.3589543], [69.4251122, 41.3589353], [69.4251122, 41.3589352], [69.4253638, 41.3588378], [69.4253639, 41.3588378], [69.4255068, 41.358783], [69.4256611, 41.3587237], [69.4257849, 41.358676], [69.4259769, 41.3586005], [69.4259966, 41.3585933], [69.4259998, 41.3585921], [69.4260362, 41.3585788], [69.4260567, 41.3585714], [69.4260567, 41.3585713], [69.4262138, 41.358514], [69.4264894, 41.3584118], [69.4264915, 41.3584109], [69.4264916, 41.3584109], [69.4267821, 41.3582938], [69.4270166, 41.3582021], [69.4270166, 41.3582021], [69.4270166, 41.3582021], [69.4271521, 41.3581502], [69.427156, 41.3581486], [69.427156, 41.3581486], [69.4271561, 41.3581486], [69.4271837, 41.3581362], [69.4272071, 41.3581258], [69.4272226, 41.3581188], [69.4272262, 41.3581172], [69.4272312, 41.358115], [69.427241, 41.3581106], [69.4272476, 41.3581073], [69.4272755, 41.3580914], [69.4272758, 41.3580912], [69.4272659, 41.3580369], [69.4272637, 41.3580345], [69.4272477, 41.3580174], [69.4271972, 41.3579634], [69.427156, 41.3579193], [69.4269349, 41.3577235], [69.4265337, 41.3573983], [69.4263894, 41.3572897], [69.4263742, 41.3572798], [69.4263176, 41.3572428], [69.4262462, 41.3572035], [69.4262047, 41.3571807], [69.426149, 41.3571579], [69.4260486, 41.3571168], [69.4259453, 41.3570678], [69.4257573, 41.3569786], [69.425607, 41.3569115], [69.4254752, 41.3568527], [69.4251295, 41.3567044], [69.425174, 41.3565787], [69.4251745, 41.3565771], [69.4252024, 41.3564993], [69.4252267, 41.3564318], [69.4252424, 41.3563881], [69.4253519, 41.3561492], [69.4253531, 41.3561468], [69.4253535, 41.3561459], [69.4253932, 41.3560642], [69.4253932, 41.3560642], [69.4254004, 41.3560477], [69.4254248, 41.3559917], [69.4254878, 41.3557475], [69.425511, 41.3557494], [69.4255208, 41.3557502], [69.4256768, 41.3557628], [69.4256768, 41.3557628], [69.4256772, 41.3557628], [69.4257244, 41.3557666], [69.4257245, 41.3557666], [69.4257471, 41.3557699], [69.4258409, 41.3557833], [69.4258414, 41.3557835], [69.4261383, 41.3559056], [69.4269518, 41.3562689], [69.4269518, 41.3562689], [69.426954, 41.356266], [69.4269579, 41.356261], [69.4270998, 41.3560764], [69.4271314, 41.3560348], [69.4272485, 41.3558802], [69.4272514, 41.3558761], [69.4272514, 41.355876], [69.4272544, 41.3558718], [69.4272579, 41.3558668], [69.4272827, 41.3558313], [69.4273175, 41.3557818], [69.4274348, 41.3556143], [69.427447, 41.3555961], [69.4274864, 41.3555372], [69.4274932, 41.3555271], [69.427535, 41.3554647], [69.4276076, 41.3553563], [69.4276107, 41.3553517], [69.4276616, 41.3552756], [69.4276617, 41.3552754], [69.4276553, 41.3552728], [69.4274467, 41.3551885], [69.4274461, 41.3551883], [69.4273466, 41.3551481], [69.427314, 41.3551349], [69.4273132, 41.3551346], [69.4270285, 41.355019], [69.4270283, 41.3550189], [69.4269224, 41.3549738], [69.426883, 41.354957], [69.4268777, 41.3549509], [69.4268658, 41.3549372], [69.4268162, 41.3549168], [69.4269971, 41.3547241], [69.4271347, 41.3545464], [69.4276002, 41.3539455], [69.4279575, 41.3534313], [69.428203, 41.3530781], [69.4285173, 41.3526193], [69.4284174, 41.3525265], [69.4276176, 41.3521142], [69.4268401, 41.351712], [69.4265532, 41.3515636], [69.4265531, 41.3515636], [69.4265122, 41.3515442], [69.426493, 41.3515351], [69.426456, 41.3515176], [69.4264137, 41.3514976], [69.4263008, 41.3514442], [69.4263008, 41.3514442], [69.4263, 41.3514433], [69.4262995, 41.3514428], [69.4262441, 41.3513839], [69.4262037, 41.3513409], [69.4262037, 41.3513409], [69.4260022, 41.3510666], [69.425802, 41.3507938], [69.4257847, 41.3507704], [69.4254977, 41.3503788], [69.4254943, 41.3503741], [69.425494, 41.3503737], [69.42527, 41.3500704], [69.4252697, 41.3500699], [69.4251159, 41.349863], [69.4250946, 41.3498257], [69.4250429, 41.3497355], [69.4250216, 41.3497196], [69.425015, 41.3497147], [69.425015, 41.3497146], [69.4250066, 41.34971], [69.4249857, 41.3496986], [69.4249528, 41.3496806], [69.4248388, 41.3495472], [69.4252135, 41.3494208], [69.4253241, 41.3493836], [69.4256615, 41.349239], [69.4258024, 41.3491787], [69.4265301, 41.348867], [69.4266086, 41.3488333], [69.4266929, 41.3487972], [69.4268193, 41.3487431], [69.4269314, 41.3486951], [69.4269952, 41.3486678], [69.4270802, 41.3486213], [69.4270847, 41.3486189], [69.4270847, 41.3486189], [69.4270269, 41.3485458], [69.4268927, 41.3483762], [69.4268886, 41.3483711], [69.4268763, 41.3483558], [69.4268534, 41.3483272], [69.4267838, 41.3482407], [69.4266739, 41.3481039], [69.4266626, 41.3480899], [69.4265797, 41.3479868], [69.4265348, 41.3479309], [69.4264812, 41.3478641], [69.4264997, 41.3478544], [69.4265214, 41.347843], [69.4265105, 41.3478292], [69.4264448, 41.3477465], [69.4264434, 41.3477447], [69.4263811, 41.3476662], [69.4263756, 41.3476592], [69.4263389, 41.3476129], [69.426325, 41.3475954], [69.4262696, 41.3475256], [69.4260791, 41.3472856], [69.426015, 41.3472048], [69.4258258, 41.3469565], [69.4258159, 41.3469435], [69.4257975, 41.3469193], [69.4257961, 41.3469176], [69.4257939, 41.3469146], [69.4257555, 41.3468632], [69.4257051, 41.3467959], [69.4256695, 41.3467482], [69.4255873, 41.3466384], [69.4255247, 41.3465547], [69.4255247, 41.3465547], [69.4260149, 41.3463453], [69.4261411, 41.3462914], [69.4261767, 41.3462762], [69.4265991, 41.3460958], [69.427054, 41.3459015], [69.4271216, 41.3458726], [69.4271551, 41.3458583], [69.4271196, 41.3458058], [69.4271043, 41.3457833], [69.4271215, 41.3457762], [69.4271511, 41.3457641], [69.4275992, 41.3455802], [69.4277975, 41.3454988], [69.427856, 41.3454748], [69.4278561, 41.3454748], [69.4278632, 41.3454718], [69.4278391, 41.3454239], [69.4278198, 41.3453857], [69.4277975, 41.3453414], [69.427791, 41.3453285], [69.4277911, 41.3453285], [69.4277974, 41.3453258], [69.4277975, 41.3453257], [69.4278481, 41.3453038], [69.4279632, 41.345254], [69.4279815, 41.3452461], [69.4280806, 41.3452032], [69.4283156, 41.3451065], [69.4283215, 41.3451041], [69.4288945, 41.3448685], [69.4289003, 41.3448759], [69.4289063, 41.3448837], [69.4291322, 41.3451732], [69.429353, 41.3454668], [69.4295831, 41.3457726], [69.4296142, 41.3458122], [69.4298089, 41.3460595], [69.4301135, 41.3464466], [69.4301149, 41.3464485], [69.4313549, 41.3460018], [69.4313552, 41.3460017], [69.4324735, 41.3455942], [69.432533, 41.3455726], [69.4325331, 41.3455725], [69.4325535, 41.3455651], [69.4325853, 41.3455502], [69.432596, 41.3455452], [69.4326048, 41.345541], [69.4326086, 41.3455392], [69.4326086, 41.3455392], [69.4326086, 41.3455393], [69.4326094, 41.3455401], [69.4326095, 41.3455404], [69.4326516, 41.3455918], [69.4326788, 41.3456251], [69.4327805, 41.3457772], [69.4328359, 41.34586], [69.4328538, 41.345878], [69.4328605, 41.345875], [69.4328615, 41.3458745], [69.4328703, 41.3458706], [69.433653, 41.3455222], [69.433653, 41.3455222], [69.4349638, 41.3449684], [69.4356625, 41.344668], [69.4356625, 41.344668], [69.4356657, 41.3446666], [69.43575, 41.3446313], [69.4357676, 41.3446239], [69.4357717, 41.3446222], [69.4357717, 41.3446222], [69.4357751, 41.3446266], [69.4357831, 41.3446367], [69.4357846, 41.3446387], [69.4357894, 41.3446449], [69.4357926, 41.3446489], [69.4357941, 41.3446508], [69.4358037, 41.3446631], [69.4358286, 41.3446734], [69.4358519, 41.344683], [69.4358541, 41.3446828], [69.4359043, 41.3446791], [69.4359547, 41.3446754], [69.4359884, 41.3446719], [69.4360734, 41.3446349], [69.4360968, 41.344622], [69.436097, 41.3446217], [69.4361355, 41.3445581], [69.4361506, 41.3445284], [69.4361506, 41.3445283], [69.4361667, 41.3444796], [69.4361675, 41.3444775], [69.4361676, 41.3444774], [69.4361786, 41.3444397], [69.4365543, 41.3444667], [69.4367293, 41.3444784], [69.4367325, 41.3444786], [69.4374352, 41.3445257], [69.4379903, 41.3445563], [69.4384408, 41.3445749], [69.4389436, 41.3445954], [69.4393177, 41.3446048], [69.4397255, 41.344616], [69.4400747, 41.3446256], [69.4408951, 41.3446475], [69.441848, 41.3446722], [69.4426355, 41.3446939], [69.4426458, 41.3446942], [69.4432047, 41.3447083], [69.4435778, 41.3447163], [69.4442878, 41.3447352], [69.4451114, 41.344757], [69.4458572, 41.3447778], [69.4462771, 41.3447885], [69.4465475, 41.3447954], [69.4475409, 41.3448206], [69.4483743, 41.3448417], [69.4493577, 41.3448683], [69.4502482, 41.3448912], [69.4512747, 41.3449162], [69.4522675, 41.3449414], [69.4532891, 41.3449705], [69.4541436, 41.3449895], [69.4552736, 41.3450195], [69.4562192, 41.3450448], [69.4572797, 41.3450743], [69.4574107, 41.3450798], [69.4581117, 41.3451094], [69.4584017, 41.3451256], [69.459312, 41.3451893], [69.4602257, 41.3452717], [69.4602305, 41.3452722], [69.4602853, 41.3452781], [69.4603629, 41.3452865], [69.4613174, 41.3453897], [69.4619885, 41.3454851], [69.4622674, 41.3455249], [69.4624917, 41.345557], [69.4625262, 41.345562], [69.4625273, 41.3455621], [69.4625282, 41.3455589], [69.4626207, 41.3452339], [69.4626208, 41.3452335], [69.4626661, 41.3450744], [69.4626668, 41.3450721], [69.4626668, 41.345072], [69.4626893, 41.3449903], [69.4627143, 41.3449092], [69.4627143, 41.344909], [69.4627404, 41.3448195], [69.4627407, 41.3448184], [69.4628097, 41.3445697], [69.4628136, 41.3445499], [69.462833, 41.3444516], [69.4628503, 41.3442775], [69.4628503, 41.3442774], [69.4628505, 41.344275], [69.4628505, 41.3442748], [69.4628574, 41.3441576], [69.4628609, 41.3439006], [69.4628617, 41.34373], [69.4628621, 41.3436594], [69.4628621, 41.3436593], [69.4628702, 41.3435427], [69.4628724, 41.3435118], [69.4628822, 41.3433062], [69.4628883, 41.3430787], [69.4628887, 41.3430626], [69.4628942, 41.3428028], [69.4628953, 41.3427515], [69.4628984, 41.3424671], [69.4628984, 41.342458], [69.4628984, 41.3424575], [69.4628985, 41.3423786], [69.4628991, 41.3422985], [69.4628991, 41.3422979], [69.4628989, 41.3420886], [69.4628986, 41.3420688], [69.4628978, 41.3419983], [69.4628978, 41.3419983], [69.4629072, 41.3418782], [69.4629082, 41.3418652], [69.4625232, 41.3417934], [69.4625231, 41.3417934], [69.4625139, 41.3417917], [69.4625139, 41.3417916], [69.4625149, 41.3416162], [69.4625168, 41.3415407], [69.4625207, 41.3414717], [69.4625225, 41.341447], [69.4625225, 41.341447], [69.4625228, 41.3414455], [69.4625228, 41.3414453], [69.4625508, 41.34131], [69.4625548, 41.3412861], [69.4625757, 41.3411601], [69.4625829, 41.3411167], [69.4625871, 41.3410374], [69.4625888, 41.3410054], [69.4625889, 41.3410048], [69.4625989, 41.340877], [69.4625993, 41.3408724], [69.4625995, 41.3408706], [69.4626036, 41.3408279], [69.4626042, 41.3406676], [69.4626042, 41.3406676], [69.4626042, 41.3406675], [69.4625991, 41.3406147], [69.4625991, 41.3406139], [69.4625926, 41.3405916], [69.4625926, 41.3405916], [69.4625736, 41.3405601], [69.4624993, 41.3404576], [69.4623572, 41.3402614], [69.462336, 41.3402324], [69.4621466, 41.3399727], [69.4621363, 41.3399586], [69.4621363, 41.3399586], [69.4621605, 41.3399443], [69.4623233, 41.3398482], [69.4623295, 41.3398446], [69.4623295, 41.3398446], [69.4624174, 41.3397939], [69.4624175, 41.3397939], [69.4624822, 41.3397513], [69.4625363, 41.3397158], [69.4625364, 41.3397158], [69.462537, 41.3397153], [69.4626072, 41.3396706], [69.4626161, 41.339665], [69.4626161, 41.3396649], [69.4626161, 41.3396649], [69.4626491, 41.3396467], [69.4626959, 41.3396209], [69.462704, 41.3396164], [69.4627562, 41.3395812], [69.4627794, 41.3395655], [69.4627952, 41.3395488], [69.4627952, 41.3395487], [69.4628908, 41.3394807], [69.4629619, 41.3394318], [69.4629924, 41.3394036], [69.4629924, 41.3394036], [69.462993, 41.339403], [69.4630675, 41.3393336], [69.4630798, 41.3393443], [69.4630917, 41.3393547], [69.463098, 41.3393602], [69.4631172, 41.3393728], [69.4631859, 41.3394179], [69.4632305, 41.3394472], [69.4632903, 41.3394901], [69.463291, 41.3394907], [69.4632911, 41.3394907], [69.4633108, 41.339505], [69.4633445, 41.3395295], [69.4633446, 41.3395295], [69.4633699, 41.3395495], [69.4633701, 41.3395497], [69.4633874, 41.3395638], [69.4634072, 41.33958], [69.4634114, 41.3395835], [69.4634114, 41.3395834], [69.4634232, 41.3395737], [69.4634334, 41.3395653], [69.4634348, 41.3395638], [69.46345, 41.3395471], [69.4634565, 41.3395398], [69.4635144, 41.3394763], [69.463547, 41.3394474], [69.4635471, 41.3394473], [69.4636081, 41.3393908], [69.4636771, 41.3393207], [69.4637238, 41.3392759], [69.4638028, 41.3392052], [69.4638631, 41.3391517], [69.4639622, 41.33905], [69.4639622, 41.33905], [69.4639628, 41.3390494], [69.4639742, 41.3390379], [69.4640808, 41.3389304], [69.4640813, 41.3389299], [69.4641186, 41.3388961], [69.4641953, 41.3388165], [69.4642688, 41.3387391], [69.4642689, 41.338739], [69.4642871, 41.3387208], [69.4643403, 41.3386678], [69.4643403, 41.3386678], [69.4643462, 41.3386619], [69.4643838, 41.3386247], [69.4643846, 41.3386239], [69.4644722, 41.3385439], [69.4644677, 41.3385373], [69.4644678, 41.3385372], [69.4644895, 41.3385158], [69.4646424, 41.3383649], [69.4646557, 41.3383536], [69.4646581, 41.3383515], [69.4646581, 41.3383515], [69.4646589, 41.3383509], [69.4647156, 41.338312], [69.4648238, 41.3382468], [69.4648248, 41.3382462], [69.4648673, 41.3382205], [69.4649274, 41.3381844], [69.4650306, 41.3381222], [69.4650399, 41.3381309], [69.465074, 41.3381628], [69.4650942, 41.3381817], [69.4654589, 41.3385228], [69.465459, 41.3385229], [69.4654594, 41.3385233], [69.4654651, 41.3385198], [69.4654738, 41.3385145], [69.4655674, 41.3384574], [69.4655679, 41.3384571], [69.4656153, 41.3384257], [69.4657651, 41.3383266], [69.4657651, 41.3383266], [69.4658366, 41.338282], [69.4658367, 41.3382819], [69.4659112, 41.33824], [69.465958, 41.3382137], [69.4660019, 41.3381868], [69.4660088, 41.3381827], [69.4660209, 41.3381752], [69.4660211, 41.3381751], [69.4660216, 41.3381748], [69.4660611, 41.3381502], [69.4661846, 41.3380733], [69.4661854, 41.3380727], [69.4661855, 41.3380727], [69.4664526, 41.3379067], [69.4664539, 41.3379059], [69.466767, 41.3377094], [69.466969, 41.337594], [69.4672105, 41.3374523], [69.4672112, 41.3374519], [69.46734, 41.3373727], [69.4673768, 41.3373501], [69.4675153, 41.3372658], [69.4675178, 41.3372641], [69.4675179, 41.3372641], [69.4676319, 41.3371854], [69.4677132, 41.3371283], [69.4677466, 41.3371047], [69.4677874, 41.3370759], [69.4679018, 41.336999], [69.4680153, 41.3369268], [69.4680816, 41.3368817], [69.4680821, 41.3368813], [69.4680822, 41.3368813], [69.4682013, 41.3367932], [69.4682874, 41.3367368], [69.4683102, 41.3367225], [69.4684054, 41.3366624], [69.4684059, 41.3366621], [69.468431, 41.3366463], [69.4685264, 41.3365848], [69.4685279, 41.3365839], [69.4687621, 41.3364391], [69.4687651, 41.3364373], [69.4688285, 41.3364005], [69.4688816, 41.3363698], [69.4688872, 41.3363665], [69.4689243, 41.3363445], [69.4689439, 41.3363329], [69.468993, 41.3363038], [69.4690124, 41.3362915], [69.4690226, 41.3362851], [69.4690315, 41.3362794], [69.4690326, 41.3362787], [69.4690332, 41.3362784], [69.4690332, 41.3362783], [69.4690329, 41.336278], [69.4690272, 41.3362719], [69.4690244, 41.336269], [69.4690162, 41.3362602], [69.4690158, 41.3362598], [69.4690151, 41.3362591], [69.4690147, 41.3362587], [69.4690136, 41.3362574], [69.4690104, 41.336254], [69.4689677, 41.3362086], [69.4688857, 41.3361371], [69.4687982, 41.3360607], [69.4684438, 41.3357513], [69.4684286, 41.335738], [69.4684285, 41.335738], [69.468306, 41.335631], [69.4682971, 41.3356225], [69.468291, 41.3356167], [69.468291, 41.3356167], [69.4682778, 41.3356029], [69.4682768, 41.335602], [69.4682768, 41.3356019], [69.468049, 41.3353647], [69.4680478, 41.3353636], [69.4680478, 41.3353636], [69.4678953, 41.3352296], [69.4678842, 41.3352199], [69.467843, 41.3351837], [69.4676946, 41.3350829], [69.4676276, 41.3350442], [69.467511, 41.3349769], [69.4673257, 41.33487], [69.467325, 41.3348697], [69.467325, 41.3348697], [69.4673158, 41.3348642], [69.4673157, 41.3348641], [69.4673083, 41.3348593], [69.466903, 41.3345882], [69.466903, 41.3345882], [69.4669029, 41.3345881], [69.4668743, 41.3345699], [69.4665092, 41.334337], [69.4664846, 41.3343213], [69.4664846, 41.3343213], [69.4664177, 41.3342787], [69.4664177, 41.3342787], [69.4664048, 41.3342699], [69.4664047, 41.3342699], [69.4661405, 41.3340804], [69.4661167, 41.3340633], [69.4660916, 41.3340453], [69.465955, 41.3339473], [69.4659263, 41.3339269], [69.4654801, 41.3336084], [69.4653461, 41.3335306], [69.4652533, 41.3334767], [69.4648271, 41.3333074], [69.464827, 41.3333074], [69.464827, 41.3333074], [69.4648261, 41.333307], [69.4648183, 41.3333038], [69.4647988, 41.3332946], [69.4647988, 41.3332946], [69.4646655, 41.3332265], [69.4645265, 41.3331556], [69.4645265, 41.3331556], [69.4645202, 41.333152], [69.4645033, 41.3331424], [69.4644926, 41.3331351], [69.4644839, 41.3331292], [69.4639804, 41.3327537], [69.4639804, 41.3327537], [69.4639749, 41.3327494], [69.463912, 41.3326979], [69.4637443, 41.3325602], [69.4637443, 41.3325602], [69.4636853, 41.3325118], [69.4636853, 41.3325117], [69.4632587, 41.3321614], [69.4632253, 41.332136], [69.462767, 41.3317877], [69.462767, 41.3317877], [69.4625029, 41.3316013], [69.4624334, 41.3315522], [69.4624334, 41.3315522], [69.4624257, 41.3315468], [69.4624257, 41.3315468], [69.4624207, 41.3315433], [69.4621819, 41.3313746], [69.4621615, 41.3313642], [69.4618263, 41.331193], [69.461803, 41.3311799], [69.4617961, 41.3311755], [69.461784, 41.3311674], [69.4617508, 41.3311454], [69.4613147, 41.3308552], [69.4611678, 41.3307772], [69.4611215, 41.3307525], [69.4609659, 41.3306698], [69.4608781, 41.3306259], [69.4608779, 41.3306258], [69.4608773, 41.3306256], [69.4605281, 41.3304512], [69.460416, 41.3303952], [69.460364, 41.3303695], [69.460032, 41.3302051], [69.4600203, 41.3301993], [69.4599144, 41.3301468], [69.4599026, 41.330141], [69.4598122, 41.3300962], [69.4598121, 41.3300962], [69.4597411, 41.3300628], [69.4596559, 41.3300228], [69.4593656, 41.3298864], [69.4589369, 41.3297161], [69.4589369, 41.3297161], [69.4588987, 41.3297037], [69.4588873, 41.3297], [69.4587412, 41.3296529], [69.4586666, 41.3296289], [69.4586666, 41.3296289], [69.4586665, 41.3296289], [69.4586506, 41.3296237], [69.4584628, 41.3295631], [69.4582287, 41.3294956], [69.4581867, 41.3294806], [69.4579033, 41.3293572], [69.4578739, 41.3293444], [69.4577922, 41.3293088], [69.4577921, 41.3293088], [69.4577785, 41.3293025], [69.4572732, 41.3290542], [69.4568653, 41.3288639], [69.4567569, 41.3288134], [69.4566613, 41.3287688], [69.4566232, 41.328751], [69.4560225, 41.3285157], [69.456017, 41.3285133], [69.4560169, 41.3285133], [69.4560124, 41.3285114], [69.4560046, 41.3285079], [69.456, 41.3285058], [69.4557828, 41.3284017], [69.4554478, 41.3282411], [69.4554298, 41.3282318], [69.4552966, 41.3281571], [69.4552841, 41.3281496], [69.4550649, 41.3279502], [69.4549399, 41.3278366], [69.4547007, 41.3276189], [69.4547007, 41.3276189], [69.4545734, 41.3275017], [69.4539301, 41.3269092], [69.453784, 41.3267747], [69.4536576, 41.3266583], [69.4535194, 41.3265311], [69.4527785, 41.3258487], [69.4527784, 41.3258487], [69.4527382, 41.3258], [69.4527295, 41.3257843], [69.4527295, 41.3257843], [69.4527295, 41.3257842], [69.452709, 41.3257426], [69.4527021, 41.3257268], [69.4527021, 41.3257268], [69.4526941, 41.3257058], [69.4526936, 41.3257006], [69.4526917, 41.3256764], [69.4526917, 41.3256764], [69.4526881, 41.3256321], [69.452677, 41.3254966], [69.4526646, 41.325344], [69.4526487, 41.3252965], [69.4526331, 41.3252502], [69.4526181, 41.3252055], [69.4526061, 41.3251573], [69.4525823, 41.3250612], [69.4525202, 41.3248138], [69.4524892, 41.3246898], [69.4524844, 41.3246813], [69.4524768, 41.324668], [69.4522484, 41.3242655], [69.4522379, 41.3242469], [69.452191, 41.3241641], [69.4521909, 41.3241641], [69.4520541, 41.3239786], [69.4518268, 41.3236704], [69.4517708, 41.3235945], [69.4517548, 41.3235691], [69.4517548, 41.3235691], [69.4517145, 41.3234936], [69.4516959, 41.3234588], [69.4516401, 41.3233543], [69.4511233, 41.322925], [69.4509705, 41.3228141], [69.4508457, 41.3227236], [69.4508175, 41.322703], [69.4506667, 41.3225936], [69.450646, 41.322577], [69.4506399, 41.3225714], [69.450449, 41.3223899], [69.4502015, 41.3221547], [69.4501422, 41.3221229], [69.4495758, 41.3218183], [69.4495584, 41.3218082], [69.4495468, 41.3217999], [69.4495297, 41.3217877], [69.4493581, 41.3216475], [69.4489193, 41.3212889], [69.4487689, 41.3211625], [69.4487478, 41.3211448], [69.4486345, 41.3210496], [69.4485956, 41.3210169], [69.4485028, 41.3209389], [69.4484519, 41.3208961], [69.4483127, 41.3207792], [69.4483126, 41.3207791], [69.4483121, 41.3207787], [69.4483114, 41.3207781], [69.4483024, 41.3207706], [69.4482848, 41.3207774], [69.4481494, 41.3208302], [69.4481135, 41.3208426], [69.4478024, 41.3209499], [69.4476606, 41.3209987], [69.4470894, 41.3212049], [69.4470127, 41.3212326], [69.4466555, 41.3213615], [69.4461469, 41.32154], [69.4460616, 41.32157], [69.4457741, 41.3216709], [69.4454927, 41.3217697], [69.4452386, 41.3218615], [69.4450885, 41.3219156], [69.4450148, 41.3219419], [69.4444224, 41.3221536], [69.4432767, 41.3225478], [69.4429866, 41.3226476], [69.4429317, 41.3226665], [69.4424753, 41.3228235], [69.4414169, 41.3231965], [69.441407, 41.3232], [69.441087, 41.3233128], [69.4410137, 41.3233386], [69.4408915, 41.3233817], [69.4406382, 41.323471], [69.4394294, 41.3238996], [69.4383648, 41.3242791], [69.4379116, 41.3244412], [69.4376365, 41.3245322], [69.4373394, 41.3246293], [69.4371648, 41.3246856], [69.4368558, 41.324778], [69.4364107, 41.3249037], [69.4360951, 41.3249918], [69.4357041, 41.3250922], [69.4352689, 41.3251965], [69.4349446, 41.3252691], [69.4346435, 41.3253356], [69.4342265, 41.3254187], [69.43393, 41.3254796], [69.4335303, 41.3255519], [69.4331175, 41.3256204], [69.4325811, 41.3256997], [69.4321238, 41.3257643], [69.4317404, 41.3258086], [69.4312578, 41.3258594], [69.4307487, 41.3259043], [69.4300793, 41.3259516], [69.4293697, 41.3259865], [69.4289748, 41.3259946], [69.4287071, 41.3260003], [69.4285712, 41.3260032], [69.4282256, 41.3260106], [69.4275058, 41.3260002], [69.4269735, 41.3259838], [69.4264856, 41.3259624], [69.425875, 41.325925], [69.4254204, 41.3258861], [69.4248958, 41.3258375], [69.4244703, 41.3257872], [69.4238894, 41.3257103], [69.4232797, 41.3256237], [69.4216005, 41.3254038], [69.42074, 41.3252808], [69.4198691, 41.3251541], [69.4181881, 41.3249146], [69.4172519, 41.3247869], [69.4160836, 41.3246276], [69.4144008, 41.3243699], [69.4132708, 41.3241786], [69.4130963, 41.324149], [69.413066, 41.3241439], [69.4127297, 41.324088], [69.4113985, 41.3238665], [69.4104482, 41.3237127], [69.4098075, 41.3236043], [69.4092264, 41.3235059], [69.4085824, 41.3233988], [69.407875, 41.323281], [69.4075924, 41.323235], [69.4069949, 41.3231377], [69.4068987, 41.323122], [69.4066599, 41.3230819], [69.4065958, 41.3230711], [69.405571, 41.322899], [69.4047361, 41.3227611], [69.4045474, 41.3227301], [69.4034978, 41.3225578], [69.4026718, 41.3224177], [69.4022786, 41.322351], [69.4018992, 41.322289], [69.4010835, 41.3221557], [69.4000452, 41.3219835], [69.3989039, 41.3217931], [69.3974602, 41.3215552], [69.3958499, 41.321286], [69.3943772, 41.3210414], [69.3929579, 41.3208067], [69.3919692, 41.3206427], [69.3908439, 41.3204488], [69.3908438, 41.3204487], [69.3904986, 41.3203892], [69.3898973, 41.320276], [69.3895429, 41.3202059], [69.3889943, 41.32009], [69.3888148, 41.3200485], [69.3885114, 41.3199784], [69.3883274, 41.3199358], [69.38815, 41.3198948], [69.3872284, 41.3196667], [69.3866018, 41.3194961], [69.3861238, 41.3193607], [69.3861236, 41.3193606], [69.3857934, 41.3192671], [69.3852028, 41.3190899], [69.3846728, 41.3189183], [69.3844569, 41.3188483], [69.3839775, 41.3186821], [69.3833909, 41.3184759], [69.3828519, 41.3182749], [69.3825175, 41.3181464], [69.3825174, 41.3181463], [69.3822784, 41.3180545], [69.3819222, 41.3179062], [69.3815935, 41.3177693], [69.3810504, 41.3175361], [69.3806129, 41.3173438], [69.3797912, 41.3169814], [69.3794887, 41.3168477], [69.3790657, 41.3166608], [69.3782751, 41.3163067], [69.3776009, 41.316006], [69.3776006, 41.3160059], [69.3775657, 41.3159903], [69.3767097, 41.3156159], [69.3759188, 41.3152667], [69.3748486, 41.3147997], [69.3738452, 41.3143831], [69.3730512, 41.314066], [69.3722441, 41.3137528], [69.3714979, 41.313467], [69.3711783, 41.313349], [69.3710318, 41.3132948], [69.3705416, 41.3131183], [69.3704432, 41.3130828], [69.3699212, 41.3128932], [69.3694179, 41.312724], [69.3687837, 41.3125045], [69.3683602, 41.3123578], [69.3679139, 41.3122014], [69.3672897, 41.3119899], [69.366787, 41.3118172], [69.3661435, 41.3115944], [69.3656511, 41.3114267], [69.3651168, 41.3112402], [69.364749, 41.3111164], [69.3642422, 41.3109413], [69.363831, 41.3107989], [69.3636086, 41.310722], [69.3630858, 41.3105422], [69.3625562, 41.3103604], [69.3620349, 41.3101822], [69.3615063, 41.3100021], [69.3610591, 41.3098452], [69.3605602, 41.3096746], [69.3600576, 41.3095034], [69.359498, 41.3093098], [69.3592689, 41.3092306], [69.3591807, 41.3092], [69.3588124, 41.3090774], [69.3583348, 41.3089193], [69.3579887, 41.30881], [69.3579884, 41.3088099], [69.3578379, 41.3087623], [69.3572307, 41.3085755], [69.3566577, 41.3084085], [69.3561723, 41.3082774], [69.3556098, 41.3081334], [69.3554624, 41.3080921], [69.355216, 41.3080309], [69.3549708, 41.3079727], [69.3546899, 41.3079047], [69.3544177, 41.307845], [69.3541759, 41.3077935], [69.3539178, 41.3077358], [69.3534608, 41.3076421], [69.3528294, 41.3075178], [69.3524385, 41.3074489], [69.3517944, 41.3073358], [69.3513955, 41.3072749], [69.3510373, 41.3072186], [69.3504624, 41.3071407], [69.3500119, 41.3070789], [69.3497255, 41.3070442], [69.3494407, 41.3070098], [69.3489961, 41.3069597], [69.3483485, 41.3068896], [69.3483239, 41.3068869], [69.3481756, 41.3068708], [69.3476154, 41.30681], [69.3469878, 41.3067372], [69.3464961, 41.3066849], [69.3459738, 41.3066288], [69.3452457, 41.3065464], [69.3443536, 41.306451], [69.3440184, 41.3064144], [69.3435329, 41.3063613], [69.3433129, 41.306333], [69.3429641, 41.3062882], [69.3429806, 41.3067528], [69.3417279, 41.3066222], [69.3414746, 41.3066129], [69.3413103, 41.3066352], [69.3411818, 41.3066925], [69.3410601, 41.3067867], [69.3410116, 41.3068588], [69.3409742, 41.306941], [69.3409859, 41.3070566], [69.3410555, 41.3071816], [69.3408452, 41.3073219], [69.3406968, 41.307421], [69.3405578, 41.307308], [69.3403889, 41.3071706], [69.3402574, 41.3070872], [69.3400592, 41.3070041], [69.3398345, 41.3069478], [69.3396168, 41.30694], [69.3393125, 41.3069677], [69.3393125, 41.3069677], [69.3391085, 41.3070337], [69.3387979, 41.3072046], [69.3387296, 41.3072421], [69.338031, 41.3078762], [69.337466, 41.3084006], [69.3368138, 41.3089946], [69.3363628, 41.3094141], [69.3361277, 41.3095979], [69.3358946, 41.3097844], [69.3356045, 41.3100073], [69.3352691, 41.3102571], [69.3347855, 41.3106195], [69.3343293, 41.3109594], [69.3337151, 41.3114177], [69.3331853, 41.3118127], [69.3331294, 41.3118518], [69.3329587, 41.3119715], [69.33268, 41.3121355], [69.3326605, 41.312146], [69.3324501, 41.3122591], [69.3323922, 41.3122964], [69.3323184, 41.312344], [69.3321481, 41.3124654], [69.3316596, 41.3128433], [69.3315518, 41.3129246], [69.3314973, 41.3129657], [69.3314753, 41.3129824], [69.3314709, 41.3129857], [69.3314516, 41.3130002], [69.331388, 41.3130482], [69.3313145, 41.3131038], [69.3313144, 41.3131038], [69.3311399, 41.3132356], [69.3302689, 41.3138863], [69.3296551, 41.31434], [69.3295033, 41.3144547], [69.3294712, 41.3144789], [69.3293652, 41.3145517], [69.3292236, 41.3146343], [69.3290756, 41.3147138], [69.3289001, 41.3148011], [69.3287052, 41.3148638], [69.3286044, 41.3148813], [69.3283573, 41.3149241], [69.3276987, 41.3150003], [69.3271167, 41.31506], [69.3264185, 41.3151314], [69.3255537, 41.3152211], [69.324763, 41.3152979], [69.3239975, 41.315377], [69.3230469, 41.3154735], [69.3222585, 41.3155545], [69.3217488, 41.3156062], [69.3214181, 41.3156402], [69.321198, 41.3156669], [69.3210218, 41.3156916], [69.3209538, 41.3157025], [69.3207685, 41.3157324], [69.3205004, 41.3157872], [69.3203136, 41.3158337], [69.3200587, 41.3159117], [69.3198618, 41.3159744], [69.3195977, 41.3160645], [69.31926, 41.3161877], [69.3189213, 41.3163105], [69.3187829, 41.3163622], [69.3186445, 41.3164139], [69.3181967, 41.3165758], [69.3177482, 41.3167408], [69.3173103, 41.3168994], [69.3167253, 41.3171109], [69.316702, 41.3171193], [69.3162388, 41.3172868], [69.3155918, 41.3175557], [69.3151738, 41.3177347], [69.3150937, 41.317769], [69.3144992, 41.3180257], [69.3141628, 41.3181722], [69.3138619, 41.3182982], [69.3137158, 41.318356], [69.3135528, 41.318412], [69.3131488, 41.318547], [69.3129955, 41.3185982], [69.3124004, 41.3187819], [69.3123831, 41.3187872], [69.3123276, 41.3186232], [69.3122959, 41.3185349], [69.3122774, 41.3184821], [69.3122278, 41.3183405], [69.3121864, 41.318207], [69.3121319, 41.3180604], [69.3120919, 41.3179565], [69.3120627, 41.3178924], [69.3120172, 41.3178009], [69.3119663, 41.3176974], [69.3119193, 41.3176125], [69.3118775, 41.3175406], [69.3118313, 41.3174644], [69.3117574, 41.3173463], [69.3116969, 41.317256], [69.3115878, 41.3170891], [69.3114981, 41.3169555], [69.3114358, 41.3168653], [69.311341, 41.3167325], [69.3112684, 41.316633], [69.3109685, 41.316176], [69.310843, 41.3159969], [69.3106721, 41.31576], [69.3105355, 41.3155764], [69.3100471, 41.3148573], [69.3099314, 41.314696], [69.3098302, 41.3145548], [69.3096689, 41.3143347], [69.3096587, 41.3143207], [69.3095529, 41.3141763], [69.3095342, 41.3141506], [69.3093928, 41.3139553], [69.3093863, 41.3139467], [69.3092635, 41.3137811], [69.3091993, 41.3136944], [69.3089536, 41.3133571], [69.3088488, 41.3132126], [69.308766, 41.3130983], [69.3084827, 41.3127052], [69.3084732, 41.312692], [69.3083799, 41.3127296], [69.3079068, 41.3129202], [69.3078973, 41.312924], [69.3078508, 41.3129427], [69.3077935, 41.3129658], [69.3077361, 41.3129889], [69.3077653, 41.3133612], [69.3077949, 41.313719], [69.3078018, 41.3138025], [69.3078023, 41.3138081], [69.3078024, 41.3138084], [69.3078105, 41.3138888], [69.307812, 41.313896], [69.3078164, 41.3139176], [69.3078236, 41.3139524], [69.3078319, 41.3139756], [69.3078363, 41.3139876], [69.3078438, 41.3140085], [69.3078679, 41.3140431], [69.3078746, 41.3140528], [69.3079081, 41.3140959], [69.3079573, 41.3141456], [69.3079698, 41.3141571], [69.3080839, 41.3142625], [69.3079789, 41.3143077], [69.3079154, 41.314335], [69.3076893, 41.3144303], [69.3071459, 41.3146595], [69.3069375, 41.3147639], [69.306727, 41.3148994], [69.3065311, 41.3150515], [69.3064237, 41.3151247], [69.3062884, 41.3151853], [69.3059469, 41.3153236], [69.3057599, 41.3153925], [69.3055964, 41.3154527], [69.3051744, 41.3155538], [69.3051652, 41.315556], [69.3051559, 41.3155582], [69.3051599, 41.3154829], [69.3051609, 41.3154555], [69.3051615, 41.31544], [69.3051615, 41.31544], [69.3051648, 41.3153516], [69.3051736, 41.315263], [69.3051826, 41.3151733], [69.3051947, 41.3150429], [69.3051882, 41.3148802], [69.3051828, 41.3147956], [69.3051816, 41.3147761], [69.3051897, 41.3147403], [69.3051967, 41.3147097], [69.3052493, 41.3145752], [69.3053051, 41.3144026], [69.3053571, 41.314271], [69.3053782, 41.3142001], [69.3053889, 41.3141564], [69.3053954, 41.3141295], [69.3054328, 41.3140116], [69.3054848, 41.3138477], [69.3055012, 41.3138067], [69.3055497, 41.3136861], [69.30555, 41.3136853], [69.3056503, 41.3135052], [69.3057774, 41.3133226], [69.3057816, 41.3133165], [69.3058248, 41.313239], [69.3058485, 41.3131647], [69.3058726, 41.3130104], [69.3058778, 41.3128697], [69.3058673, 41.3127129], [69.3058314, 41.3125833], [69.305795, 41.3125217], [69.3057203, 41.3124192], [69.305668, 41.312388], [69.305595, 41.3123445], [69.3055716, 41.3123305], [69.3053812, 41.3122501], [69.3052658, 41.3121845], [69.3052658, 41.3121845], [69.305214, 41.312155], [69.3050483, 41.3120695], [69.3049439, 41.3120271], [69.304849, 41.3119886], [69.3047204, 41.3119605], [69.3046833, 41.3119594], [69.3046373, 41.3119581], [69.3046092, 41.3119531], [69.3045545, 41.3119341], [69.3045109, 41.3119197], [69.3044711, 41.3119066], [69.3043797, 41.3118859], [69.30428, 41.3118741], [69.30422, 41.3118682], [69.3041574, 41.3118554], [69.303985, 41.3118154], [69.3037838, 41.3117865], [69.3036487, 41.3117774], [69.3034854, 41.3117875], [69.3033665, 41.311793], [69.303237, 41.3118048], [69.3031752, 41.3118137], [69.3031574, 41.3118163], [69.3030924, 41.3118214], [69.3030629, 41.3118237], [69.3029731, 41.3118372], [69.3029149, 41.31186], [69.3028274, 41.3119015], [69.3028202, 41.3119048], [69.3028116, 41.3119089], [69.3028024, 41.3119143], [69.3027261, 41.3119588], [69.3026886, 41.3119852], [69.3025959, 41.3120583], [69.3024835, 41.3121603], [69.302363, 41.3123178], [69.3023125, 41.3124239], [69.3023044, 41.3124409], [69.3023, 41.312512], [69.302299, 41.3125221], [69.3022976, 41.3125374], [69.3022899, 41.3125614], [69.3022898, 41.3125615], [69.302282, 41.3125663], [69.3022647, 41.3125767], [69.3022172, 41.312578], [69.3021536, 41.3125701], [69.3020819, 41.3125444], [69.3019707, 41.3124982], [69.3018303, 41.3124482], [69.3018009, 41.3124355], [69.3017971, 41.312432], [69.3017892, 41.3124158], [69.3017812, 41.3123824], [69.3017739, 41.3123518], [69.3017383, 41.3122794], [69.3016779, 41.3122119], [69.3016742, 41.3122078], [69.3016464, 41.3121955], [69.301629, 41.3121527], [69.3015739, 41.312038], [69.3015163, 41.3119107], [69.3015123, 41.3119018], [69.3014236, 41.3118075], [69.3013716, 41.3117763], [69.3013356, 41.311765], [69.3012179, 41.311728], [69.3011102, 41.3117126], [69.3009768, 41.3117391], [69.3008291, 41.3118338], [69.3007845, 41.3119092], [69.3007331, 41.3119581], [69.3007253, 41.3119639], [69.3006946, 41.3119867], [69.3006534, 41.3120097], [69.3006498, 41.3120117], [69.3006427, 41.3120156], [69.3005972, 41.3120333], [69.3005689, 41.31204], [69.3005105, 41.3120538], [69.3004089, 41.3120728], [69.3003603, 41.3120749], [69.3003241, 41.312071], [69.3002463, 41.3120501], [69.3001856, 41.312029], [69.3001609, 41.3120176], [69.3001514, 41.3120133], [69.3001256, 41.3119942], [69.3001191, 41.3119878], [69.3001049, 41.3119737], [69.3001048, 41.3119736], [69.3000862, 41.3119552], [69.3000696, 41.3119345], [69.3000391, 41.3118963], [69.2999215, 41.3117453], [69.2998435, 41.3116533], [69.2998428, 41.3116524], [69.2998187, 41.3116144], [69.2997491, 41.3115044], [69.2994859, 41.3111108], [69.2994189, 41.3110085], [69.2993749, 41.3109414], [69.2992947, 41.3108642], [69.2992069, 41.3107802], [69.2989984, 41.3106467], [69.2988437, 41.3105628], [69.2987379, 41.3105218], [69.2987337, 41.3105201], [69.2986776, 41.310504], [69.2985364, 41.3104634], [69.298403, 41.310425], [69.2982368, 41.3104269], [69.2979127, 41.3104409], [69.2978156, 41.310445], [69.2977, 41.31045], [69.2977, 41.3104489], [69.2977051, 41.3103235], [69.2977051, 41.3103232], [69.2977143, 41.3100954], [69.2977186, 41.3100613], [69.2977218, 41.3100351], [69.2977383, 41.3099924], [69.2977901, 41.3098892], [69.2978408, 41.3098053], [69.2979314, 41.3097037], [69.2980441, 41.3095677], [69.2983048, 41.3092471], [69.2983401, 41.30919], [69.2983406, 41.3091882], [69.2983543, 41.3091322], [69.2983485, 41.3090828], [69.298327, 41.3089938], [69.2982545, 41.3086944], [69.2982284, 41.3085671], [69.2982203, 41.3084951], [69.2982167, 41.308418], [69.2982167, 41.308418], [69.2982154, 41.3083887], [69.2982201, 41.3083406], [69.298227, 41.3082698], [69.2982574, 41.308108], [69.2983009, 41.3078918], [69.2983291, 41.3077543], [69.2983358, 41.3077265], [69.2983509, 41.307663], [69.2983661, 41.3075725], [69.2979575, 41.3074827], [69.2979311, 41.3074769], [69.2979045, 41.3074711], [69.297883, 41.3074664], [69.2978554, 41.3074603], [69.2969739, 41.3072667], [69.2968471, 41.3072388], [69.2967936, 41.3072278], [69.2967936, 41.3072278], [69.296727, 41.307214], [69.2963356, 41.3071296], [69.2962, 41.3071107], [69.2959856, 41.3071045], [69.2958245, 41.3070991], [69.295542, 41.307085], [69.2954339, 41.3070796], [69.2951562, 41.3070853], [69.2948664, 41.3071061], [69.2946382, 41.3071273], [69.2945127, 41.3071427], [69.2943523, 41.307169], [69.2941864, 41.3072046], [69.2940122, 41.307244], [69.2938036, 41.3072982], [69.2935712, 41.3073603], [69.2933948, 41.3074094], [69.2933872, 41.307414], [69.2932441, 41.3075019], [69.2929096, 41.3075911], [69.2927496, 41.3075873], [69.2926247, 41.3076192], [69.2924877, 41.3076542], [69.2923459, 41.307708], [69.2920253, 41.3078296], [69.2912087, 41.3080645], [69.2911237, 41.3080887], [69.2907831, 41.3081858], [69.2903278, 41.3083155], [69.2903051, 41.3083219], [69.290305, 41.3083219], [69.2896443, 41.308509], [69.2892294, 41.3086206], [69.2888898, 41.3087145], [69.2883911, 41.3088577], [69.2883397, 41.3088997], [69.2878076, 41.3090426], [69.287361, 41.3091664], [69.2872883, 41.3091691], [69.2869978, 41.3092472], [69.2869471, 41.3092609], [69.28682, 41.3092947], [69.286433, 41.3094027], [69.2861948, 41.3094692], [69.2855926, 41.309634], [69.2855368, 41.3096493], [69.2849257, 41.3098188], [69.2848511, 41.3098394], [69.284396, 41.3099585], [69.2843729, 41.3099646], [69.2843701, 41.3099654], [69.28437, 41.3099654], [69.2842076, 41.3100112], [69.2840012, 41.3100694], [69.2839862, 41.3100763], [69.2839524, 41.3100921], [69.2838935, 41.310104], [69.2838376, 41.3101192], [69.2834752, 41.3102181], [69.2834553, 41.3102273], [69.2834386, 41.3102349], [69.2834115, 41.3102394], [69.283362, 41.3102477], [69.2829649, 41.3103605], [69.2827365, 41.3104254], [69.2826719, 41.3104437], [69.2822059, 41.3105789], [69.2821493, 41.3105974], [69.2819589, 41.3106513], [69.2818092, 41.3106935], [69.2818092, 41.3106936], [69.2817673, 41.3107054], [69.2817667, 41.3107056], [69.2817612, 41.3107951], [69.2817893, 41.3109467], [69.2818064, 41.3110391], [69.2818165, 41.3111385], [69.2818179, 41.3111804], [69.2818016, 41.3114038], [69.2817622, 41.3115768], [69.2817102, 41.3117307], [69.2815899, 41.3118512], [69.2815435, 41.3118978], [69.2814214, 41.3120201], [69.2810703, 41.3122024], [69.2803567, 41.3125792], [69.2803041, 41.3126139], [69.2802939, 41.3126248], [69.2802837, 41.3126615], [69.2802761, 41.3127562], [69.280279, 41.3127715], [69.2802987, 41.3128751], [69.2803312, 41.3130464], [69.2804598, 41.3136277], [69.28058, 41.3141317], [69.2805882, 41.3141658], [69.2806019, 41.3142303], [69.2806775, 41.3145863], [69.280697, 41.314678], [69.2807292, 41.3148121], [69.2807308, 41.3148188], [69.2807369, 41.3148292], [69.280737, 41.3148293], [69.2807755, 41.3148947], [69.280777, 41.3148973], [69.2808291, 41.3149506], [69.2808386, 41.3149603], [69.2808983, 41.3149718], [69.2810512, 41.3149126], [69.281328, 41.3148055], [69.2814697, 41.3147502], [69.2817819, 41.3146283], [69.28201, 41.3145393], [69.2821791, 41.3144723], [69.2823166, 41.3144177], [69.2824189, 41.3143771], [69.2825295, 41.3143333], [69.2826413, 41.3142764], [69.282685, 41.3142542], [69.2840165, 41.3156607], [69.2840222, 41.3156667], [69.2840424, 41.3156914], [69.2842888, 41.315993], [69.2843498, 41.3160568], [69.2845332, 41.3162633], [69.2847887, 41.3165509], [69.2852494, 41.3170655], [69.285501, 41.3174557], [69.2859847, 41.3179961], [69.2860791, 41.3181066], [69.2861187, 41.3181508], [69.2905799, 41.3177463], [69.29058, 41.3177463], [69.2906578, 41.3177392], [69.2907306, 41.3177449], [69.2907843, 41.3176955], [69.2913105, 41.3179651], [69.2914111, 41.3180275], [69.2914872, 41.3180889], [69.2918571, 41.3185285], [69.2918605, 41.3185326], [69.2918603, 41.3185329], [69.2918583, 41.3185352], [69.2917555, 41.3186532], [69.2915529, 41.3188537], [69.2915431, 41.3188624], [69.291381, 41.319005], [69.2911091, 41.3192281], [69.2911034, 41.3192329], [69.2911028, 41.3192333], [69.2911051, 41.3192459], [69.2911051, 41.319246], [69.2912418, 41.3199849], [69.291341, 41.3206303], [69.2914186, 41.3210769], [69.2915141, 41.3216626], [69.2916268, 41.3222612], [69.2916798, 41.3225969], [69.2916811, 41.3226052], [69.2924064, 41.322534], [69.2925548, 41.3225206], [69.2929757, 41.3224826], [69.2930024, 41.3224801], [69.2930135, 41.3225995], [69.2930307, 41.3226854], [69.2930036, 41.3227728], [69.2929523, 41.3228291], [69.2928874, 41.3229373], [69.2928334, 41.3230647], [69.2927931, 41.3231128], [69.2926982, 41.3232261], [69.2926944, 41.3232306], [69.2927022, 41.3232346], [69.2928306, 41.3233023], [69.2928635, 41.3233025], [69.2930615, 41.3233037], [69.2930811, 41.3233038], [69.2931078, 41.3233047], [69.293108, 41.3233047], [69.2931327, 41.3233054], [69.2931328, 41.3233058], [69.2932123, 41.3235465], [69.2932262, 41.3235887], [69.2932695, 41.3237873], [69.2932489, 41.3239885], [69.2932485, 41.3239919], [69.2932813, 41.3240416], [69.2932814, 41.3240418], [69.2933572, 41.3241569], [69.2935413, 41.3244365], [69.2937171, 41.3247417], [69.293857, 41.3249847], [69.2938744, 41.3250148], [69.2939197, 41.3250483], [69.2939255, 41.3250525], [69.293946, 41.3250677], [69.2941834, 41.3250848], [69.2943542, 41.3251003], [69.2944647, 41.3252348], [69.2944689, 41.32524], [69.2945048, 41.3253052], [69.2945868, 41.3254545], [69.2946607, 41.3255646], [69.2947467, 41.325693], [69.2948649, 41.3256426], [69.2949967, 41.3255875], [69.2951163, 41.3255406], [69.2951787, 41.3255188], [69.2951865, 41.3255161], [69.2953353, 41.3254703], [69.2954978, 41.3254263], [69.2956355, 41.3253917], [69.2956474, 41.3253891], [69.2957718, 41.3253619], [69.2959862, 41.3253177], [69.2960431, 41.325306], [69.2962642, 41.3252743], [69.2964111, 41.3252583], [69.2964113, 41.3252585], [69.2970482, 41.3256491], [69.2975908, 41.3259617], [69.2978032, 41.3260901], [69.2978392, 41.3261258], [69.2978572, 41.3261643], [69.2979471, 41.3266463], [69.29797, 41.32674], [69.2980376, 41.327016], [69.2980493, 41.3270638], [69.2980582, 41.3271095], [69.2980724, 41.3271815], [69.2980895, 41.3272511], [69.2980896, 41.3272513], [69.2981148, 41.3273536], [69.2981378, 41.327691], [69.2981316, 41.3277148], [69.2981274, 41.3277307], [69.2981104, 41.3277958], [69.298057, 41.3278517], [69.2979333, 41.327981], [69.2977678, 41.3281541], [69.2974286, 41.3284845], [69.2973806, 41.328514], [69.2972821, 41.3285444], [69.2966014, 41.3286102], [69.2965465, 41.3286436], [69.2965243, 41.3286726], [69.2964958, 41.3291129], [69.2964814, 41.3293356], [69.2964809, 41.3293434], [69.2965078, 41.3294138], [69.2966168, 41.3295131], [69.296976, 41.3298336], [69.297067, 41.3299181], [69.2970854, 41.3299474], [69.297085, 41.3300272], [69.2970848, 41.3300641], [69.297089, 41.3300699], [69.2970923, 41.3300744], [69.2970998, 41.3300848], [69.2971705, 41.3301374], [69.2971706, 41.3301375], [69.2973125, 41.3302431], [69.2973955, 41.3303048], [69.297461, 41.3303453], [69.2975046, 41.330366], [69.2975047, 41.330366], [69.297623, 41.3304222], [69.2977376, 41.3304755], [69.2977431, 41.3304781], [69.2977942, 41.3304935], [69.2978274, 41.3304848], [69.2980516, 41.3303805], [69.2981283, 41.3303384], [69.2982048, 41.3302773], [69.2983846, 41.330116], [69.2984361, 41.3300813], [69.2984796, 41.3300601], [69.2985517, 41.3300348], [69.2986264, 41.3300172], [69.2987446, 41.3299894], [69.2988501, 41.3299792], [69.2989533, 41.3299871], [69.2989667, 41.3299893], [69.2990091, 41.3299962], [69.2990554, 41.3300037], [69.2991306, 41.3300268], [69.2991451, 41.3300345], [69.2991775, 41.3300516], [69.2991933, 41.3300599], [69.2992416, 41.3301082], [69.2992674, 41.3301377], [69.2992883, 41.3301617], [69.2993194, 41.3301974], [69.2993262, 41.3302011], [69.2993356, 41.3302063], [69.2993533, 41.3302159], [69.2995016, 41.3302834], [69.2995421, 41.3303015], [69.2995423, 41.3303015], [69.29996, 41.3304874], [69.3000289, 41.3305184], [69.3003581, 41.3306662], [69.3005492, 41.3307513], [69.3005597, 41.330756], [69.3005645, 41.3307604], [69.3005925, 41.3307865], [69.3006138, 41.3308096], [69.3006138, 41.3308097], [69.3006346, 41.3308322], [69.3006507, 41.3308613], [69.3006711, 41.3308981], [69.3006791, 41.3309125], [69.3007014, 41.3311492], [69.3007259, 41.3312442], [69.3007492, 41.3313245], [69.3008139, 41.3314341], [69.3008657, 41.3315043], [69.3008906, 41.3315381], [69.3008989, 41.3315435], [69.3009309, 41.3315643], [69.3009605, 41.3315733], [69.3009607, 41.3315733], [69.3010691, 41.3315834], [69.3011118, 41.3315857], [69.3011119, 41.3315857], [69.301209, 41.3315908], [69.301349, 41.3316021], [69.3013578, 41.3316047], [69.3013937, 41.3316154], [69.3014392, 41.3316429], [69.3014608, 41.3316708], [69.3014609, 41.3316708], [69.3014616, 41.3316718], [69.3014657, 41.3316803], [69.3014722, 41.331694], [69.3014762, 41.3317026], [69.3014745, 41.3317344], [69.3014525, 41.3318041], [69.3014125, 41.3319222], [69.3014073, 41.3319377], [69.3014078, 41.3319438], [69.3014127, 41.3319991], [69.301418, 41.3320373], [69.301423, 41.3320737], [69.3014258, 41.3320941], [69.3014237, 41.332135], [69.3014237, 41.3321364], [69.3014077, 41.3321646], [69.3013907, 41.3321862], [69.3013633, 41.3322209], [69.3013021, 41.3322543], [69.3011694, 41.3323255], [69.3011162, 41.3323524], [69.3010819, 41.3323737], [69.3009094, 41.3324951], [69.3007459, 41.3326001], [69.3004679, 41.3327288], [69.3003139, 41.3328184], [69.3002231, 41.3328711], [69.3001577, 41.3331171], [69.3001548, 41.3331283], [69.300151, 41.3331423], [69.3001256, 41.3332378], [69.3001267, 41.333238], [69.3002947, 41.333268], [69.300452, 41.333296], [69.3021318, 41.3335954], [69.3027776, 41.3337105], [69.3027982, 41.3337142], [69.3028093, 41.3337162], [69.3028208, 41.3337182], [69.302826, 41.3337192], [69.3031574, 41.3337782], [69.3032863, 41.3338026], [69.3034236, 41.3338286], [69.3035269, 41.3338481], [69.304662, 41.3340414], [69.3046639, 41.3340417], [69.3046291, 41.3341074], [69.3044851, 41.3343797], [69.3042771, 41.334787], [69.3040868, 41.3351594], [69.3040438, 41.3352413], [69.3038925, 41.3355289], [69.3038681, 41.3355755], [69.3038681, 41.3355756], [69.3036186, 41.3360529], [69.3035461, 41.3362398], [69.3035731, 41.3362661], [69.3035484, 41.3363699], [69.3034255, 41.3364516], [69.3033998, 41.3364688], [69.303264, 41.3368623], [69.3032576, 41.336881], [69.3032576, 41.3368812], [69.3031973, 41.337057], [69.3029836, 41.3374724], [69.3028814, 41.3376757], [69.3029392, 41.3377546], [69.3029506, 41.3377702], [69.303015, 41.337805], [69.3033629, 41.337913], [69.3037614, 41.3380311], [69.3037615, 41.3380312], [69.3037803, 41.3380367], [69.3038075, 41.3380453], [69.3041679, 41.338158], [69.3040769, 41.3383302], [69.3040771, 41.3383303], [69.3041089, 41.3383411], [69.3043738, 41.338431], [69.3049635, 41.338607], [69.3052947, 41.3387073], [69.3055627, 41.3387868], [69.3055629, 41.3387869], [69.3055867, 41.3387939], [69.3056029, 41.3387775], [69.3059034, 41.3388658], [69.30667, 41.3390911], [69.3074912, 41.3393505], [69.3077626, 41.3394331], [69.3079323, 41.3394273], [69.3081858, 41.3393295], [69.3087259, 41.3394936], [69.3088694, 41.3395265], [69.3089638, 41.3395308], [69.3092555, 41.3392967], [69.3093589, 41.3392137], [69.3094463, 41.3392574], [69.3095284, 41.3392984], [69.3095434, 41.3393059], [69.3095438, 41.3393053], [69.3095552, 41.3392888], [69.3096118, 41.3393161], [69.3096771, 41.3393476], [69.3097117, 41.3393706], [69.3097984, 41.3394073], [69.3098246, 41.3394185], [69.3098438, 41.3394266], [69.3098747, 41.3394397], [69.3099001, 41.3394504], [69.3099144, 41.3394565], [69.3099997, 41.3394926], [69.3100014, 41.3394903], [69.3100949, 41.3393569], [69.3101214, 41.3393191], [69.3101428, 41.3392885], [69.3102106, 41.3391863], [69.3102107, 41.3391862], [69.310212, 41.3391842], [69.3102444, 41.3391327], [69.3102974, 41.3390482], [69.3103447, 41.3389656], [69.3103857, 41.3388939], [69.31048, 41.3387174], [69.310535, 41.3386131], [69.3105947, 41.3384884], [69.3106613, 41.3383512], [69.3107487, 41.3381339], [69.3108416, 41.3378965], [69.3108601, 41.3378493], [69.3108743, 41.3378071], [69.3109381, 41.3376172], [69.3109561, 41.3375577], [69.3110186, 41.3373503], [69.3111091, 41.3370477], [69.311164, 41.3368602], [69.3111739, 41.3368266], [69.3112478, 41.3365864], [69.3112624, 41.336539], [69.3112748, 41.3364982], [69.3113177, 41.3363568], [69.3113831, 41.3361426], [69.3114443, 41.3359463], [69.311484, 41.3358298], [69.3114978, 41.3357892], [69.3115091, 41.3357562], [69.3115091, 41.3357561], [69.3115207, 41.3357222], [69.3115602, 41.3356218], [69.31159, 41.335553], [69.311625, 41.3354802], [69.3116299, 41.3354708], [69.3116434, 41.3354447], [69.3116818, 41.3353709], [69.3116818, 41.3353709], [69.3117021, 41.3353318], [69.3117265, 41.3352902], [69.3117479, 41.3352536], [69.3118016, 41.3351621], [69.3119657, 41.3348959], [69.3121553, 41.3345793], [69.3123034, 41.3343476], [69.3125009, 41.3340445], [69.3126288, 41.3338522], [69.3127789, 41.3336264], [69.3129369, 41.3333775], [69.3130206, 41.3332456], [69.3131073, 41.3331429], [69.313234, 41.332993], [69.313309, 41.3329082], [69.3134834, 41.3327109], [69.3134901, 41.3327033], [69.3135446, 41.3326405], [69.3136341, 41.3325372], [69.3137138, 41.3324451], [69.31384, 41.3323023], [69.3138444, 41.3322972], [69.3144219, 41.3324909], [69.3147318, 41.3326235], [69.3147319, 41.3326235], [69.3149375, 41.3327115], [69.3151094, 41.332766], [69.315161, 41.3327823], [69.3151665, 41.3327841], [69.3152101, 41.3328005], [69.3152111, 41.3328009], [69.3153085, 41.3328375], [69.3154792, 41.33291], [69.3157091, 41.3330299], [69.3157914, 41.333075], [69.3159654, 41.3331703], [69.3163178, 41.3334061], [69.3163647, 41.333465], [69.3167389, 41.3341602], [69.3167723, 41.3342184], [69.3168885, 41.3344204], [69.3168957, 41.3344461], [69.3169186, 41.3347735], [69.3169401, 41.3352347], [69.3169286, 41.3353635], [69.3169141, 41.3354968], [69.3168863, 41.3355836], [69.3167872, 41.3358931], [69.3167574, 41.3359863], [69.3166237, 41.3360081], [69.3165761, 41.3360224], [69.3165334, 41.3360441], [69.316311, 41.3361676], [69.3160503, 41.3363063], [69.3159815, 41.3363506], [69.3159489, 41.3363741], [69.3157518, 41.3365664], [69.3155321, 41.3370533], [69.315448, 41.3372398], [69.31542, 41.3373818], [69.3154228, 41.3374238], [69.3154478, 41.3378035], [69.3154669, 41.3380314], [69.3154808, 41.3381972], [69.3155133, 41.3384941], [69.3155205, 41.3385651], [69.3155424, 41.3386099], [69.3157098, 41.3388631], [69.315778, 41.3389507], [69.3159987, 41.339188], [69.3160587, 41.3392241], [69.3161392, 41.3392452], [69.3165646, 41.339357], [69.3168081, 41.3394208], [69.3168298, 41.3394331], [69.3168307, 41.3394343], [69.3168422, 41.3394801], [69.3168999, 41.3397385], [69.316949, 41.339966], [69.3169638, 41.340035], [69.3170173, 41.3402806], [69.3170475, 41.3403425], [69.317118, 41.3403909], [69.3173183, 41.3404598], [69.3176189, 41.3405622], [69.3177093, 41.340593], [69.3179086, 41.3406579], [69.3180607, 41.3407304], [69.3182959, 41.3408612], [69.3184416, 41.3409447], [69.3184998, 41.3409906], [69.3185705, 41.341088], [69.3186983, 41.3412852], [69.3188457, 41.3415223], [69.3188479, 41.3415295], [69.3188487, 41.3416769], [69.3188542, 41.3418805], [69.318857, 41.3423251], [69.3188604, 41.342564], [69.3188561, 41.3427769], [69.3188549, 41.3428334], [69.3188497, 41.3429955], [69.3188457, 41.3431193], [69.3188445, 41.3431583], [69.3188623, 41.3432021], [69.3189215, 41.3432924], [69.3189452, 41.3433266], [69.3190545, 41.3434841], [69.3191717, 41.3436599], [69.3192613, 41.3437321], [69.3195444, 41.3439477], [69.3199104, 41.3442159], [69.3202168, 41.344443], [69.3204354, 41.3446062], [69.3205325, 41.3446787], [69.3207059, 41.3448084], [69.3207078, 41.3448105], [69.3207319, 41.3448541], [69.3207456, 41.3448725], [69.3207622, 41.344895], [69.3208129, 41.3449307], [69.3208137, 41.344931], [69.3208602, 41.3449531], [69.320898, 41.3449666], [69.3209046, 41.3449698], [69.3209102, 41.3449748], [69.3210878, 41.3451406], [69.3213132, 41.3453567], [69.3213335, 41.345385], [69.3213477, 41.3454174], [69.3215116, 41.3457508], [69.3216575, 41.3460548], [69.3216699, 41.3460806], [69.3218046, 41.3463596], [69.3219351, 41.3466295], [69.322068, 41.3468995], [69.322107, 41.3469841], [69.3221446, 41.3470283], [69.3222606, 41.3471418], [69.3224025, 41.3472764], [69.3225039, 41.3473381], [69.3227284, 41.3474253], [69.3227569, 41.3474369], [69.322757, 41.3474369], [69.3229091, 41.3474987], [69.3230345, 41.347514], [69.3232867, 41.3475154], [69.3237886, 41.347518], [69.3238941, 41.3475193], [69.3243496, 41.3475247], [69.3243712, 41.347525], [69.324458, 41.3475306], [69.3245434, 41.3475498], [69.3245489, 41.3475515], [69.324549, 41.3475515], [69.3246197, 41.3475726], [69.3246691, 41.3476167], [69.3251782, 41.3481109], [69.3252633, 41.3482216], [69.325305, 41.3483483], [69.3253379, 41.3484973], [69.3253463, 41.3486514], [69.325346, 41.3490405], [69.3253615, 41.3491811], [69.3254174, 41.3493637], [69.3254621, 41.3495027], [69.3254662, 41.34965], [69.3255003, 41.3497839], [69.3255576, 41.3498733], [69.3256374, 41.3500023], [69.3257158, 41.3501847], [69.3257278, 41.3502406], [69.3256824, 41.3504452], [69.3256512, 41.3505394], [69.3256201, 41.3506335], [69.3255922, 41.3507177], [69.3255877, 41.3507314], [69.3255197, 41.3509367], [69.3254803, 41.3510558], [69.3255846, 41.3510582], [69.3256828, 41.3510605], [69.3260288, 41.3510591], [69.3265262, 41.3510532], [69.326874, 41.3510496], [69.3270686, 41.3510476], [69.3276572, 41.3510428], [69.3278616, 41.3510416], [69.3281599, 41.35104], [69.3287164, 41.3510366], [69.3291583, 41.3510328], [69.3292196, 41.3510323], [69.3294659, 41.3510302], [69.3295382, 41.3510296], [69.3299045, 41.3510264], [69.3310335, 41.3510106], [69.3318919, 41.3509936], [69.3322596, 41.3509863], [69.3325807, 41.3509788], [69.3327161, 41.3509705], [69.3328176, 41.3509577], [69.3329197, 41.3509402], [69.3330513, 41.350911], [69.3331639, 41.3508788], [69.3332533, 41.3508446], [69.3334293, 41.3507439], [69.3334387, 41.3507382], [69.3334637, 41.3507232], [69.3335002, 41.3507011], [69.3335945, 41.3506439], [69.3336038, 41.3506526], [69.3336105, 41.3506589], [69.3337008, 41.350742], [69.333706, 41.3507469], [69.3337209, 41.3507606], [69.3337357, 41.3507743], [69.3337807, 41.3508156], [69.333943, 41.3509621], [69.3339795, 41.3509952], [69.3340372, 41.3510477], [69.334095, 41.3511002], [69.334149, 41.3511496], [69.3342343, 41.3512274], [69.334374, 41.3513558], [69.3345185, 41.351487], [69.3346419, 41.3516003], [69.3347984, 41.3517418], [69.3349334, 41.3518627], [69.3350629, 41.3519786], [69.3350963, 41.3520084], [69.3352265, 41.3521234], [69.3353636, 41.352236], [69.335414, 41.3522771], [69.3355558, 41.3523847], [69.3356331, 41.3524403], [69.3356936, 41.3524833], [69.3357602, 41.3525283], [69.3358547, 41.3525911], [69.3359046, 41.3526236], [69.3359171, 41.3526317], [69.3359447, 41.3526492], [69.3359838, 41.3526741], [69.336085, 41.3527373], [69.3361623, 41.352784], [69.3362367, 41.3528265], [69.3363119, 41.3528687], [69.336404, 41.3529198], [69.3365013, 41.3529699], [69.3366144, 41.3530262], [69.3366648, 41.3530511], [69.336717, 41.3530768], [69.3368394, 41.3531358], [69.3369248, 41.3531758], [69.3370679, 41.3532428], [69.3371481, 41.3532813], [69.3372799, 41.3533431], [69.3373834, 41.3533914], [69.3376511, 41.3535161], [69.3385967, 41.3539554], [69.3389938, 41.3541423], [69.339818, 41.3545302], [69.3405066, 41.3548538], [69.3406736, 41.3549306], [69.3408228, 41.3549992], [69.3412163, 41.3551802], [69.3414375, 41.3552693], [69.3414681, 41.3552816], [69.3417596, 41.3553989], [69.3419048, 41.3554515], [69.3424565, 41.3556185], [69.3426083, 41.3556576], [69.3427399, 41.3556916], [69.3428951, 41.3557277], [69.3430904, 41.3557694], [69.3433128, 41.3558079], [69.3434164, 41.3558238], [69.3435228, 41.3558402], [69.3439451, 41.3558905], [69.3439726, 41.355893], [69.3441123, 41.3559057], [69.3443077, 41.3559151], [69.3444194, 41.3559195], [69.3445011, 41.3559217], [69.3446078, 41.3559245], [69.344887, 41.3559252], [69.3450857, 41.3559236], [69.3450862, 41.3559238], [69.3451237, 41.3559232], [69.3451304, 41.3559232], [69.3451569, 41.3559232], [69.3451655, 41.3559231], [69.3453661, 41.355912], [69.3456004, 41.3558959], [69.345749, 41.3558837], [69.3459596, 41.3558585], [69.3462015, 41.3558265], [69.3464815, 41.3557813], [69.3465829, 41.355761], [69.34678, 41.3557215], [69.3469899, 41.3556725], [69.3471647, 41.3556285], [69.3473364, 41.3555848], [69.3475428, 41.3555249], [69.3477916, 41.3554511], [69.3481095, 41.3553503], [69.3484717, 41.3552383], [69.3489413, 41.3550914], [69.3493206, 41.3549747], [69.3494684, 41.3549326], [69.3497083, 41.3548644], [69.3497193, 41.3548615], [69.3498581, 41.3548248], [69.3499035, 41.3548129], [69.3500898, 41.3547677], [69.3502885, 41.3547217], [69.3504163, 41.3546959], [69.350583, 41.3546617], [69.3507448, 41.354634], [69.350896, 41.3546115], [69.3511677, 41.3545749], [69.3512757, 41.3545641], [69.3513808, 41.3545535], [69.3514059, 41.3545513], [69.3515487, 41.3545385], [69.3517699, 41.3545254], [69.3519612, 41.3545166], [69.3521105, 41.3545138], [69.3521104, 41.3545133], [69.3521128, 41.3545133], [69.3523037, 41.3545106], [69.3524442, 41.3545117], [69.3524451, 41.3545114], [69.3524879, 41.3545121], [69.3524886, 41.3545121], [69.3524892, 41.3545121], [69.3525138, 41.3545121], [69.3525169, 41.3545121], [69.3527683, 41.3545231], [69.3527853, 41.354524], [69.3528386, 41.3545271], [69.3529401, 41.3545328], [69.3529644, 41.3545342], [69.3530859, 41.3545435], [69.3533128, 41.3545636], [69.3534595, 41.3545801], [69.3537249, 41.3546147], [69.3539297, 41.3546483], [69.354215, 41.3546998], [69.3543749, 41.3547328], [69.3545964, 41.3547858], [69.3547781, 41.3548313], [69.3548817, 41.3548615], [69.3548994, 41.3548666], [69.3550783, 41.3549188], [69.3552535, 41.3549749], [69.3552536, 41.354975], [69.3554634, 41.3550503], [69.3556217, 41.3551086], [69.3559199, 41.3552316], [69.3561309, 41.3553244], [69.3563268, 41.3554185], [69.3565465, 41.3555313], [69.3567594, 41.3556485], [69.356953, 41.3557637], [69.3571811, 41.3559074], [69.3572455, 41.3559517], [69.3573387, 41.3560156], [69.3575131, 41.3561418], [69.3576568, 41.3562533], [69.3576943, 41.3562853], [69.357713, 41.3563011], [69.3577957, 41.3563716], [69.3579198, 41.3564801], [69.358047, 41.3565999], [69.3580813, 41.3566339], [69.3580952, 41.3566477], [69.3581506, 41.3567026], [69.3582653, 41.3568194], [69.3583668, 41.3569352], [69.3583701, 41.3569389], [69.3583901, 41.3569619], [69.3584068, 41.356981], [69.3585273, 41.357119], [69.3586959, 41.3573263], [69.3588176, 41.3574776], [69.358927, 41.3576179], [69.3589356, 41.3576286], [69.3590494, 41.3577704], [69.3592247, 41.3579885], [69.3593091, 41.3580935], [69.359323, 41.3581108], [69.359624, 41.3584832], [69.3596293, 41.3584898], [69.3598575, 41.3587738], [69.3599639, 41.3589058], [69.3600757, 41.3590446], [69.3603044, 41.3593293], [69.3604705, 41.3595361], [69.3606205, 41.3597213], [69.3606639, 41.359775], [69.3607306, 41.3598585], [69.360842, 41.3599978], [69.3609514, 41.360137], [69.3611943, 41.3604346], [69.3611986, 41.3604399], [69.3613684, 41.3606503], [69.3614127, 41.3607045], [69.3615693, 41.3608957], [69.3617398, 41.3610998], [69.361836, 41.361207], [69.3618905, 41.3612636], [69.3619674, 41.3613398], [69.3620371, 41.3614066], [69.3621343, 41.3614946], [69.362189, 41.3615398], [69.3622414, 41.3615831], [69.3622481, 41.3615886], [69.3622552, 41.3615938], [69.3623585, 41.3616692], [69.3624398, 41.3617227], [69.3625106, 41.3617697], [69.3625934, 41.36182], [69.3627038, 41.3618843], [69.3628025, 41.3619362], [69.3628785, 41.3619734], [69.3629781, 41.3620216], [69.3630706, 41.3620622], [69.3631779, 41.3621044], [69.3632871, 41.3621438], [69.3634011, 41.362182], [69.3634055, 41.3621834], [69.3635246, 41.3622172], [69.3636227, 41.3622426], [69.3637393, 41.3622682], [69.3638657, 41.3622937], [69.3639892, 41.3623128], [69.364095, 41.3623283], [69.3641916, 41.3623401], [69.3643652, 41.3623546], [69.3643867, 41.3623558], [69.3643874, 41.3623564], [69.3643933, 41.3623559], [69.3643941, 41.3623559], [69.3643999, 41.3623566], [69.3644039, 41.3623568], [69.3644046, 41.3623569], [69.364977, 41.3623139], [69.3654045, 41.3622818], [69.3655227, 41.362273], [69.3660018, 41.362237], [69.3661935, 41.3622226], [69.3661957, 41.3622223], [69.3663588, 41.3622005], [69.366571, 41.3621722], [69.3668367, 41.3621368], [69.3668599, 41.3621337], [69.3670228, 41.3621119], [69.3674516, 41.3620538], [69.3679261, 41.3619914], [69.3683859, 41.3619298], [69.3688183, 41.3618722], [69.3692143, 41.3618196], [69.3695648, 41.3617719], [69.3700352, 41.3617088], [69.3703894, 41.3616626], [69.3703987, 41.3616614], [69.3705303, 41.3616443], [69.3711222, 41.3615654], [69.3714846, 41.3615149], [69.3718269, 41.3614699], [69.372137, 41.361428], [69.3723604, 41.3613983], [69.3726591, 41.3613567], [69.373037, 41.3613042], [69.3733257, 41.3612646], [69.3735851, 41.3612311], [69.3738412, 41.3612016], [69.374005, 41.3611846], [69.3741241, 41.3611739], [69.3742813, 41.3611603], [69.3744437, 41.3611508], [69.3745233, 41.3611469], [69.3745295, 41.3611466], [69.3746259, 41.361142], [69.3747872, 41.3611373], [69.374799, 41.3611372], [69.374799, 41.3611371], [69.3749051, 41.3611368], [69.3749242, 41.3611367], [69.3751288, 41.3611388], [69.3754055, 41.3611482], [69.3755962, 41.3611597], [69.3756222, 41.3611613], [69.3757215, 41.3611679], [69.3759272, 41.3611873], [69.3761237, 41.3612101], [69.3761656, 41.3612156], [69.3763328, 41.3612377], [69.3765568, 41.3612743], [69.3767821, 41.3613163], [69.3769796, 41.3613583], [69.3770038, 41.3613638], [69.3770489, 41.361374], [69.3771465, 41.3613962], [69.3771591, 41.361399], [69.3771862, 41.3614059], [69.3773408, 41.3614449], [69.3775848, 41.3615145], [69.3777476, 41.3615658], [69.3779116, 41.3616175], [69.3780774, 41.3616738], [69.3784, 41.3617849], [69.3786379, 41.3618651], [69.3789167, 41.3619595], [69.379331, 41.3620997], [69.3793507, 41.3621064], [69.3794292, 41.3621336], [69.3796288, 41.3622029], [69.3800725, 41.3623548], [69.3803916, 41.3624632], [69.3806047, 41.3625356], [69.3808267, 41.3626111], [69.3810715, 41.3626942], [69.3815209, 41.3628482], [69.3819319, 41.3629868], [69.3824052, 41.3631489], [69.382469, 41.3631707], [69.382548, 41.3631978], [69.3829581, 41.3633372], [69.383109, 41.3633886], [69.383355, 41.3634725], [69.3834616, 41.3635088], [69.3836037, 41.3635573], [69.3839123, 41.3636723], [69.3840943, 41.3637238], [69.3841975, 41.3637514], [69.3842068, 41.3637539], [69.3842311, 41.3637604], [69.3842312, 41.3637604], [69.3842865, 41.3637858], [69.3844448, 41.3638583], [69.3844756, 41.3638701], [69.3844799, 41.3638718], [69.3844984, 41.3638789], [69.3845495, 41.3639005], [69.3846117, 41.3639153], [69.3846462, 41.3639235], [69.384704, 41.3639397], [69.3847182, 41.3639437], [69.3847782, 41.3639606], [69.3849369, 41.3640077], [69.38498, 41.3640247], [69.3850508, 41.3640526], [69.3851, 41.364072], [69.3851001, 41.364072], [69.3853163, 41.3641375], [69.3854238, 41.3641671], [69.3854675, 41.3641792], [69.3855343, 41.3641975], [69.3856054, 41.3642171], [69.3859818, 41.3643367], [69.3860529, 41.3643593], [69.3861552, 41.3643917], [69.3866985, 41.3645681], [69.3867492, 41.3645846], [69.3868974, 41.3646327], [69.3870008, 41.3646679], [69.3870094, 41.3646707], [69.3870253, 41.364676], [69.3870926, 41.364698], [69.3872633, 41.3647539], [69.3873284, 41.3647752], [69.3875936, 41.3648628], [69.3879959, 41.3649991], [69.388425, 41.3651472], [69.388425, 41.3651473], [69.3884621, 41.3651597], [69.3884757, 41.3651643], [69.3884854, 41.3651676], [69.3884854, 41.3651676], [69.3886942, 41.3652378], [69.3889635, 41.3653253], [69.389171, 41.3653964], [69.3894699, 41.365497], [69.3895296, 41.3655177], [69.3896824, 41.3655706], [69.3898237, 41.3656181], [69.3899195, 41.3656504], [69.3900245, 41.3656876], [69.3903016, 41.3657904], [69.3903065, 41.3657924], [69.3904125, 41.3658362], [69.3905777, 41.3659063], [69.3905916, 41.3659124], [69.3907165, 41.3659669], [69.3907572, 41.3659847], [69.3907572, 41.3659847], [69.3907641, 41.3659878], [69.3908735, 41.366042], [69.3908875, 41.3660489], [69.3909785, 41.3660939], [69.3909856, 41.3660976], [69.3909857, 41.3660977], [69.3910223, 41.3661183], [69.3910987, 41.3661613], [69.3911373, 41.3661825], [69.3911373, 41.3661826], [69.3911421, 41.3661853], [69.3912289, 41.366233], [69.3912352, 41.3662366], [69.3912505, 41.3662461], [69.3913314, 41.3662961], [69.3913315, 41.3662961], [69.3913382, 41.3663003], [69.391378, 41.366325], [69.3913825, 41.3663277], [69.3913831, 41.366328], [69.3913843, 41.3663287], [69.3913915, 41.3663332], [69.3914013, 41.3663393], [69.3914048, 41.3663416], [69.3915833, 41.3664601], [69.3915924, 41.3664667], [69.3915932, 41.3664674], [69.3915933, 41.3664674], [69.3916259, 41.3664937], [69.3917789, 41.3666169], [69.3917805, 41.3666182], [69.3917843, 41.3666215], [69.3918466, 41.3666786], [69.391902, 41.3667294], [69.3919299, 41.366755], [69.3919642, 41.3667865], [69.3919708, 41.3667926], [69.3919742, 41.3667959], [69.3921244, 41.366945], [69.3921292, 41.3669501], [69.3921292, 41.3669501], [69.3922809, 41.3671203], [69.3922855, 41.3671257], [69.3923156, 41.3671645], [69.3923604, 41.3672213], [69.3923604, 41.3672201], [69.3923593, 41.3671926], [69.3923587, 41.3671776], [69.3923578, 41.3671552], [69.3923578, 41.3671537], [69.3923578, 41.3671537], [69.3923578, 41.367096], [69.392358, 41.367092], [69.3923638, 41.3670343], [69.3923703, 41.3669701], [69.3923703, 41.3669701], [69.3923708, 41.366967], [69.392383, 41.3668982], [69.392383, 41.3668981], [69.3923831, 41.3668979], [69.3923835, 41.3668957], [69.3923839, 41.3668941], [69.3923839, 41.366894], [69.3923839, 41.366894], [69.3923841, 41.366893], [69.3923866, 41.3668834], [69.3923868, 41.3668828], [69.3923957, 41.3668474], [69.3924141, 41.3667745], [69.3924151, 41.3667713], [69.3924203, 41.3667557], [69.3924271, 41.3667355], [69.3924342, 41.3667145], [69.3924392, 41.3666997], [69.3924394, 41.366699], [69.39244, 41.3666974], [69.3924406, 41.366696], [69.3924523, 41.3666666], [69.3924685, 41.3666263], [69.3924685, 41.3666261], [69.3924685, 41.3666261], [69.3924686, 41.366626], [69.3924686, 41.366626], [69.3924748, 41.3666093], [69.3924781, 41.3666023], [69.3924781, 41.3666022], [69.3924887, 41.3665757], [69.3924901, 41.3665726], [69.3925084, 41.3665359], [69.3925085, 41.3665357], [69.3925085, 41.3665357], [69.3925085, 41.3665356], [69.3925206, 41.3665091], [69.3925332, 41.3664861], [69.3925333, 41.366486], [69.3925383, 41.3664759], [69.3925401, 41.3664726], [69.3925457, 41.3664633], [69.3925457, 41.3664632], [69.3925694, 41.3664199], [69.3926096, 41.3663556], [69.3926165, 41.3663453], [69.3926165, 41.3663452], [69.3926262, 41.366329], [69.3926282, 41.3663261], [69.3926483, 41.3662974], [69.3926484, 41.3662972], [69.3926484, 41.3662972], [69.3926484, 41.3662971], [69.3926596, 41.3662803], [69.39267, 41.3662663], [69.3926701, 41.3662662], [69.3926744, 41.3662601], [69.3926758, 41.3662581], [69.3926759, 41.3662581], [69.3926819, 41.3662504], [69.392682, 41.3662503], [69.392682, 41.3662502], [69.3927327, 41.3661824], [69.3927715, 41.3661358], [69.3927716, 41.3661357], [69.3927941, 41.3661068], [69.3927962, 41.3661043], [69.3928327, 41.3660628], [69.3928341, 41.3660612], [69.392843, 41.3660519], [69.3928431, 41.3660518], [69.3928503, 41.3660434], [69.3928665, 41.3660271], [69.3928666, 41.3660269], [69.3928718, 41.3660215], [69.3928718, 41.3660214], [69.392919, 41.3659716], [69.3929305, 41.3659611], [69.392936, 41.3659561], [69.3929873, 41.3659103], [69.3929876, 41.36591], [69.392988, 41.3659097], [69.393013, 41.3658871], [69.3930359, 41.3658697], [69.3930359, 41.3658697], [69.3930722, 41.3658395], [69.3930722, 41.3658395], [69.3930783, 41.365835], [69.3931009, 41.3658203], [69.3931033, 41.3658185], [69.3931085, 41.3658153], [69.3931085, 41.3658153], [69.3931791, 41.3657692], [69.3931846, 41.365766], [69.3932266, 41.3657438], [69.3932266, 41.3657438], [69.3932405, 41.3657354], [69.3933291, 41.3656863], [69.3934066, 41.3656476], [69.3934066, 41.3656476], [69.3934273, 41.3656364], [69.3934362, 41.3656323], [69.3934966, 41.365609], [69.3934966, 41.365609], [69.3934967, 41.365609], [69.3935006, 41.3656074], [69.393598, 41.365569], [69.3935981, 41.365569], [69.3935981, 41.365569], [69.3936392, 41.3655521], [69.393644, 41.3655501], [69.3936508, 41.3655476], [69.3936509, 41.3655476], [69.3938622, 41.3654812], [69.3938778, 41.3654763], [69.3938779, 41.3654763], [69.3938779, 41.3654763], [69.3938779, 41.3654763], [69.3938781, 41.3654762], [69.3939858, 41.3654405], [69.3941056, 41.3654025], [69.394171, 41.3653788], [69.394236, 41.3653552], [69.3942854, 41.3653374], [69.3943163, 41.3653253], [69.3944242, 41.3652831], [69.3944349, 41.3652789], [69.3944354, 41.3652787], [69.3944422, 41.3652759], [69.3944425, 41.3652757], [69.3944433, 41.3652754], [69.3944976, 41.3652528], [69.394508, 41.3652485], [69.394509, 41.365248], [69.3945114, 41.365247], [69.394564, 41.3652243], [69.3946082, 41.3652052], [69.3946091, 41.3652048], [69.3946097, 41.3652046], [69.394611, 41.3652039], [69.3946123, 41.3652032], [69.394613, 41.3652029], [69.3946242, 41.3651972], [69.3946799, 41.3651689], [69.3946808, 41.3651685], [69.3946857, 41.365166], [69.3946876, 41.365165], [69.3947267, 41.3651452], [69.3947431, 41.3651365], [69.394751, 41.3651324], [69.3947858, 41.3651141], [69.3947862, 41.3651139], [69.3948469, 41.365078], [69.3948481, 41.3650773], [69.394945, 41.3650227], [69.3949615, 41.3650125], [69.3949722, 41.3650059], [69.3949905, 41.3649946], [69.3949916, 41.364994], [69.3950062, 41.364985], [69.3950118, 41.3649815], [69.3950329, 41.3649686], [69.3950756, 41.3649405], [69.3950958, 41.3649272], [69.3950962, 41.3649269], [69.3950963, 41.3649269], [69.3951209, 41.3649107], [69.395121, 41.3649107], [69.3951679, 41.3648798], [69.3951735, 41.3648762], [69.3951932, 41.3648618], [69.3952179, 41.3648437], [69.3952251, 41.3648385], [69.3952436, 41.364825], [69.3952673, 41.3648077], [69.3952866, 41.3647923], [69.3952934, 41.3647869], [69.3953653, 41.3647296], [69.3953783, 41.3647192], [69.3954121, 41.364689], [69.3954653, 41.3646417], [69.3954675, 41.3646397], [69.3954794, 41.3646276], [69.3954798, 41.3646272], [69.3954876, 41.3646193], [69.3954974, 41.3646093], [69.3955065, 41.3646], [69.3955675, 41.3645381], [69.3955675, 41.3645381], [69.3955725, 41.3645328], [69.3955736, 41.3645316], [69.3955914, 41.3645124], [69.3956468, 41.3644524], [69.3956631, 41.3644334], [69.3957199, 41.3643674], [69.3957411, 41.3643418], [69.3957853, 41.3642887], [69.3958297, 41.3642233], [69.3958411, 41.3642084]]], [[[69.4524236, 41.4224772], [69.45295, 41.4224735], [69.45295, 41.4224735], [69.453185, 41.4224719], [69.4531851, 41.4224719], [69.4535887, 41.422469], [69.4535887, 41.422469], [69.4537406, 41.4224494], [69.4537406, 41.4224494], [69.4539398, 41.4224236], [69.4539399, 41.4224235], [69.4550078, 41.4222851], [69.4550079, 41.4222851], [69.4551272, 41.4222696], [69.4551272, 41.4222696], [69.455134, 41.4222687], [69.4551341, 41.4222687], [69.4555216, 41.4222243], [69.4555216, 41.4222242], [69.4557049, 41.4221794], [69.455705, 41.4221794], [69.4557096, 41.4221784], [69.4557097, 41.4221784], [69.4559964, 41.422113], [69.4561829, 41.4220704], [69.4566225, 41.4219633], [69.4568763, 41.4219015], [69.4569091, 41.4218935], [69.4569389, 41.4218854], [69.4570861, 41.4218456], [69.4570863, 41.4218456], [69.4570864, 41.4218455], [69.4571098, 41.4218392], [69.4571647, 41.4218244], [69.4571835, 41.4218193], [69.457235, 41.4218054], [69.45739, 41.4217634], [69.4576655, 41.4216873], [69.457815, 41.4216459], [69.457815, 41.4216459], [69.4579709, 41.4216028], [69.4580233, 41.4215865], [69.4580849, 41.4215674], [69.4581277, 41.4215541], [69.4582607, 41.4215129], [69.4582743, 41.4215063], [69.4583086, 41.4214895], [69.4583926, 41.4214485], [69.4586135, 41.4213407], [69.4586622, 41.4213169], [69.4588943, 41.4212093], [69.4591813, 41.4210761], [69.4593761, 41.420982], [69.4595361, 41.4209047], [69.4596125, 41.4208691], [69.4596799, 41.4208376], [69.4598567, 41.4207552], [69.4599263, 41.4207049], [69.4600294, 41.4206305], [69.4600863, 41.4205916], [69.4601902, 41.4205207], [69.4604938, 41.4203132], [69.4605341, 41.4202857], [69.4606263, 41.4202227], [69.460922, 41.4200197], [69.4611742, 41.4198303], [69.4612585, 41.419767], [69.4613968, 41.4196552], [69.4615971, 41.4194934], [69.4618796, 41.4192522], [69.4620052, 41.419145], [69.4620133, 41.4191201], [69.4620333, 41.4190586], [69.4620466, 41.4190176], [69.4621647, 41.4189109], [69.4623495, 41.4187441], [69.4624186, 41.4186856], [69.4624293, 41.4186765], [69.4627877, 41.4183726], [69.4628382, 41.4183298], [69.4628816, 41.418293], [69.4629281, 41.4182469], [69.4630319, 41.4181441], [69.4631229, 41.4179989], [69.4632197, 41.4178444], [69.4632483, 41.4177988], [69.4632629, 41.4177755], [69.4632799, 41.417747], [69.4633157, 41.4176871], [69.4634779, 41.4174151], [69.4635598, 41.4172778], [69.4635813, 41.4172418], [69.4635895, 41.4172281], [69.4636032, 41.4172136], [69.4637231, 41.4170868], [69.4638547, 41.4168491], [69.463899, 41.4167692], [69.4640476, 41.4165007], [69.4640734, 41.4164555], [69.4641626, 41.4162995], [69.4642084, 41.4162194], [69.4642614, 41.4160475], [69.4643002, 41.4159217], [69.4643002, 41.4159217], [69.4643292, 41.4158278], [69.4643612, 41.4157241], [69.4644057, 41.4155797], [69.4644394, 41.4154707], [69.4644688, 41.4153495], [69.4645146, 41.4151613], [69.464528, 41.415106], [69.4645656, 41.4149307], [69.464576, 41.4148824], [69.4646092, 41.4147276], [69.4646116, 41.4147167], [69.464653, 41.4145237], [69.4646672, 41.4144577], [69.4646874, 41.4143637], [69.4647021, 41.414295], [69.4647072, 41.4142281], [69.4647287, 41.413944], [69.4647295, 41.4139344], [69.4647747, 41.4133386], [69.4647929, 41.4130988], [69.4647988, 41.4130207], [69.4647988, 41.4130207], [69.464807, 41.4129124], [69.4647592, 41.4127153], [69.4647592, 41.4127152], [69.4645724, 41.4119444], [69.4645723, 41.4119438], [69.4645837, 41.4119465], [69.4645935, 41.4119488], [69.4645934, 41.4119488], [69.4646146, 41.4119539], [69.4646459, 41.4119729], [69.4648223, 41.4120802], [69.464841, 41.4120916], [69.4648588, 41.4121024], [69.4650046, 41.412191], [69.4650152, 41.4121974], [69.4651193, 41.4122606], [69.465258, 41.4123447], [69.4653996, 41.4124307], [69.465698, 41.4126182], [69.4657325, 41.4126398], [69.4658076, 41.412687], [69.4659003, 41.4127433], [69.4661825, 41.4129147], [69.4663741, 41.413031], [69.4668139, 41.4132998], [69.4669039, 41.4133564], [69.4669049, 41.4133616], [69.4669059, 41.4133665], [69.4669252, 41.4134606], [69.4669459, 41.4134734], [69.4670565, 41.4135417], [69.4671987, 41.4135175], [69.4673169, 41.4135876], [69.4673757, 41.4136225], [69.4674507, 41.413667], [69.4676267, 41.4137714], [69.4680855, 41.4140489], [69.4682174, 41.4141244], [69.468262, 41.41415], [69.468324, 41.4141828], [69.4683664, 41.4142053], [69.4683707, 41.4142075], [69.4683916, 41.4142185], [69.4684259, 41.4142104], [69.4684496, 41.4142115], [69.4684496, 41.4142115], [69.4684497, 41.4142115], [69.4684844, 41.4142019], [69.4685175, 41.4141845], [69.4685766, 41.4141461], [69.4686276, 41.4140887], [69.4686314, 41.4140848], [69.4686755, 41.4140396], [69.4687391, 41.4139661], [69.4687652, 41.4139412], [69.4687942, 41.4139134], [69.4688519, 41.4138643], [69.4688831, 41.4138378], [69.4689153, 41.4138104], [69.4689315, 41.4137955], [69.4689803, 41.4137504], [69.4690183, 41.4137153], [69.4690518, 41.4136788], [69.4690968, 41.4136298], [69.4691588, 41.4135503], [69.4691588, 41.4135502], [69.4692341, 41.4134594], [69.4692341, 41.4134594], [69.4693666, 41.4132879], [69.4693715, 41.4132813], [69.4693729, 41.4132795], [69.4694327, 41.413199], [69.4695132, 41.4130906], [69.4696293, 41.4129382], [69.46966, 41.4129057], [69.4696999, 41.4128635], [69.4697399, 41.4128055], [69.4697979, 41.4127332], [69.4698567, 41.4126606], [69.469873, 41.4126403], [69.4698811, 41.4126304], [69.4698873, 41.4126226], [69.4698874, 41.4126226], [69.4698863, 41.412622], [69.4698811, 41.4126196], [69.4694329, 41.4123759], [69.4689244, 41.4120996], [69.468764, 41.4120124], [69.4687071, 41.4119789], [69.4679316, 41.4115216], [69.4674222, 41.4112205], [69.4670578, 41.411005], [69.4666855, 41.4107826], [69.4662667, 41.4105325], [69.465823, 41.4102704], [69.4657629, 41.4102349], [69.4653695, 41.4100025], [69.4649368, 41.4097448], [69.4647828, 41.4096531], [69.4647512, 41.4096347], [69.4645118, 41.4094951], [69.4644747, 41.4094735], [69.4644088, 41.4094351], [69.4642872, 41.4093642], [69.4642752, 41.4093572], [69.4642727, 41.4093557], [69.4642687, 41.4093534], [69.4642637, 41.4093505], [69.4642632, 41.4093502], [69.4642631, 41.4093501], [69.4642631, 41.4093501], [69.4642633, 41.40935], [69.4642636, 41.4093497], [69.4642671, 41.4093464], [69.4642724, 41.4093413], [69.4642755, 41.4093384], [69.4642809, 41.4093332], [69.4643083, 41.4093072], [69.4643083, 41.4093071], [69.4643222, 41.4092939], [69.4643762, 41.4092425], [69.4643802, 41.4092387], [69.4644487, 41.4091734], [69.4644568, 41.4091658], [69.4644893, 41.4091348], [69.464816, 41.4088238], [69.464816, 41.4088238], [69.4649871, 41.4086609], [69.4651613, 41.4084951], [69.4653905, 41.4082769], [69.4654215, 41.4082519], [69.4654804, 41.408196], [69.4655471, 41.4081328], [69.4657351, 41.4079545], [69.4658504, 41.4078417], [69.4658715, 41.407821], [69.4659476, 41.4077465], [69.4659485, 41.4077457], [69.4659486, 41.4077456], [69.465998, 41.4076986], [69.4660492, 41.4076498], [69.4661074, 41.4075944], [69.466133, 41.40757], [69.4661746, 41.4075304], [69.4661978, 41.4075083], [69.4663689, 41.4073497], [69.4665108, 41.4074375], [69.4665954, 41.4074841], [69.4666263, 41.4075011], [69.4666301, 41.4075032], [69.4666429, 41.4075103], [69.466682, 41.4075318], [69.4667431, 41.4075654], [69.4669539, 41.4076816], [69.4669706, 41.407683], [69.4671242, 41.4076965], [69.4671638, 41.4077], [69.4671808, 41.4076812], [69.4671809, 41.4076812], [69.4671812, 41.4076808], [69.4671815, 41.4076805], [69.467251, 41.4076085], [69.4673006, 41.4075571], [69.4673873, 41.4074673], [69.4675052, 41.4073452], [69.4675399, 41.4073094], [69.4675628, 41.4073147], [69.4676039, 41.4072838], [69.4676619, 41.4072402], [69.4677052, 41.4072077], [69.4677251, 41.4071928], [69.4677338, 41.4071863], [69.4678363, 41.4071092], [69.4678364, 41.4071092], [69.4678663, 41.4070983], [69.4678664, 41.4070983], [69.467892, 41.407089], [69.467895, 41.4070805], [69.4678979, 41.4070723], [69.4679036, 41.4070562], [69.4679036, 41.407056], [69.4679079, 41.407044], [69.4679079, 41.407044], [69.4680879, 41.407013], [69.468088, 41.407013], [69.4681323, 41.4070054], [69.4681324, 41.4070054], [69.4681881, 41.4069958], [69.4682131, 41.4069982], [69.4682316, 41.4070001], [69.4683669, 41.4070112], [69.4685974, 41.4070301], [69.468663, 41.4069611], [69.46872, 41.406901], [69.4687179, 41.4068919], [69.4687179, 41.4068918], [69.468713, 41.4068699], [69.4686994, 41.4068088], [69.4686836, 41.4068015], [69.4686831, 41.4068012], [69.4686761, 41.406798], [69.4686645, 41.4067925], [69.4686628, 41.4067918], [69.4686585, 41.4067897], [69.4685831, 41.4067546], [69.468551, 41.4067396], [69.4685212, 41.4067257], [69.4684222, 41.4066795], [69.4683878, 41.4066635], [69.4683891, 41.4066458], [69.46839, 41.4066348], [69.4683928, 41.4065977], [69.4683929, 41.4065977], [69.468406, 41.4065983], [69.4685005, 41.4066026], [69.4687708, 41.4066659], [69.4687984, 41.4066744], [69.4688436, 41.4064041], [69.4688307, 41.4063991], [69.4688246, 41.4063967], [69.4685869, 41.4063039], [69.468389, 41.4062331], [69.4683384, 41.406215], [69.4682875, 41.4061968], [69.4680018, 41.4060907], [69.4680018, 41.4060907], [69.4676942, 41.4059672], [69.4676366, 41.4059463], [69.4674207, 41.4058367], [69.4673334, 41.4057969], [69.4672988, 41.4057811], [69.4671655, 41.405732], [69.4671654, 41.405732], [69.4671031, 41.4057091], [69.46701, 41.4056749], [69.4669969, 41.4056701], [69.4669072, 41.405634], [69.4668258, 41.4056013], [69.4668147, 41.4055969], [69.4667969, 41.4055897], [69.4666808, 41.4055472], [69.4666793, 41.4055467], [69.466537, 41.4054946], [69.4663551, 41.4054271], [69.4663551, 41.405427], [69.4663302, 41.4054179], [69.4662294, 41.4053811], [69.466141, 41.4053494], [69.4659752, 41.4052899], [69.4658897, 41.405259], [69.4658139, 41.4052316], [69.4655272, 41.4051798], [69.465354, 41.4051536], [69.4652952, 41.4051447], [69.4651893, 41.4051286], [69.4651893, 41.4051286], [69.4651892, 41.4051286], [69.4651818, 41.4051275], [69.4651462, 41.4051221], [69.4648109, 41.4050712], [69.464685, 41.4050536], [69.4646434, 41.4050478], [69.4643722, 41.40501], [69.4642974, 41.4049982], [69.4642968, 41.4049981], [69.464245, 41.40499], [69.4642162, 41.4049854], [69.4641511, 41.4049752], [69.464067, 41.4049619], [69.4640218, 41.4049531], [69.4640217, 41.4049531], [69.4639629, 41.4049416], [69.4639261, 41.4049355], [69.4639257, 41.4049354], [69.4639001, 41.4049311], [69.4638413, 41.4049195], [69.463776, 41.4049066], [69.4637705, 41.4049048], [69.4636508, 41.4048639], [69.4635327, 41.4048082], [69.4634164, 41.4047425], [69.4634151, 41.4047417], [69.4633893, 41.4047272], [69.463301, 41.4046772], [69.4631955, 41.4045977], [69.4631807, 41.4045866], [69.4630481, 41.4044885], [69.4630451, 41.4044863], [69.4630451, 41.4044863], [69.462911, 41.4043839], [69.4628993, 41.4043749], [69.4628945, 41.4043712], [69.4628931, 41.4043701], [69.4627033, 41.4042235], [69.4624623, 41.4040515], [69.4624623, 41.4040514], [69.4623755, 41.4039924], [69.4623429, 41.4039617], [69.4623379, 41.403957], [69.4623379, 41.403957], [69.462336, 41.4039557], [69.4622199, 41.4038461], [69.4621097, 41.4037384], [69.4620935, 41.4037226], [69.4620774, 41.4037069], [69.4620208, 41.4036517], [69.4620208, 41.4036517], [69.4619926, 41.4036274], [69.4618607, 41.4035133], [69.4617041, 41.4033906], [69.461704, 41.4033906], [69.4616209, 41.4033414], [69.4616177, 41.4033395], [69.4616177, 41.4033395], [69.4616135, 41.403337], [69.4615944, 41.4033294], [69.4615829, 41.4033248], [69.4615236, 41.4033012], [69.461523, 41.4033009], [69.4615147, 41.4032976], [69.4614502, 41.4032719], [69.4613307, 41.403223], [69.4612288, 41.4031812], [69.4610344, 41.4031056], [69.4609795, 41.4030843], [69.4609669, 41.4030793], [69.4606421, 41.4029362], [69.460343, 41.4028075], [69.4602887, 41.4027841], [69.4600576, 41.402685], [69.4597775, 41.4025588], [69.4597313, 41.4025338], [69.4596794, 41.4025058], [69.4596794, 41.4025058], [69.4596351, 41.4024818], [69.4596174, 41.4024722], [69.459534, 41.4024073], [69.4593445, 41.4023008], [69.4592294, 41.4022269], [69.4591066, 41.4021387], [69.4590253, 41.40208], [69.459022, 41.4020776], [69.4589039, 41.4019925], [69.4588445, 41.4019496], [69.4586836, 41.4018458], [69.4586836, 41.4018458], [69.4585036, 41.4017312], [69.4583313, 41.4016242], [69.4581922, 41.401557], [69.4581922, 41.401557], [69.4579605, 41.4014693], [69.4579263, 41.4014628], [69.457844, 41.4014569], [69.4576481, 41.4014138], [69.4576465, 41.4014137], [69.457574, 41.4014089], [69.4575066, 41.4014044], [69.4574321, 41.4013994], [69.4574321, 41.4013994], [69.45742, 41.4013997], [69.4574199, 41.4013997], [69.4574199, 41.4013997], [69.4574102, 41.4013999], [69.4574102, 41.4013999], [69.4573793, 41.4014006], [69.4573793, 41.4014006], [69.4573719, 41.4014008], [69.4573719, 41.4014008], [69.4573661, 41.401401], [69.4573661, 41.401401], [69.4573123, 41.4014022], [69.4573122, 41.4014022], [69.4570836, 41.4014088], [69.4570836, 41.4014088], [69.4569565, 41.4013797], [69.4566071, 41.4015555], [69.4565092, 41.4015862], [69.4564489, 41.4016051], [69.456275, 41.4016596], [69.4560992, 41.4016665], [69.45597, 41.4016429], [69.455344, 41.4014228], [69.4553291, 41.4014176], [69.4548903, 41.4012918], [69.4546291, 41.4012604], [69.4541779, 41.4010697], [69.4537822, 41.4009025], [69.4536667, 41.4008687], [69.4534841, 41.4008153], [69.4534585, 41.4008078], [69.4532816, 41.4007561], [69.4529382, 41.4006557], [69.4524232, 41.4004567], [69.452239, 41.4004071], [69.452239, 41.4004071], [69.4519268, 41.400473], [69.4519268, 41.400473], [69.4515728, 41.4005361], [69.4515728, 41.4005361], [69.4513832, 41.4005667], [69.4513831, 41.4005667], [69.4510235, 41.4005949], [69.4510234, 41.4005949], [69.4508812, 41.4006044], [69.4508811, 41.4006044], [69.4508596, 41.4006044], [69.450806, 41.4006047], [69.450806, 41.4006047], [69.450681, 41.4005894], [69.4503975, 41.4005727], [69.4503783, 41.4005716], [69.4503732, 41.4006203], [69.4503399, 41.4011492], [69.4503392, 41.4011611], [69.4503357, 41.4012162], [69.4503292, 41.4013195], [69.4503286, 41.401329], [69.4502075, 41.4013093], [69.4502071, 41.4013093], [69.4502061, 41.4013091], [69.4500672, 41.4012866], [69.4489867, 41.4010304], [69.4489867, 41.4010304], [69.4489866, 41.4010304], [69.4489777, 41.4010445], [69.4489686, 41.401063], [69.4489672, 41.4010658], [69.4489116, 41.4011789], [69.4488839, 41.4012352], [69.4488603, 41.401283], [69.4488596, 41.4012846], [69.4488571, 41.4012896], [69.4488434, 41.4013175], [69.4488319, 41.4013409], [69.4488227, 41.4013596], [69.4487769, 41.4014527], [69.4487751, 41.4014563], [69.4487649, 41.401477], [69.4487562, 41.4014946], [69.4487481, 41.4015112], [69.4487274, 41.4015534], [69.4487218, 41.4015646], [69.4487076, 41.4015918], [69.4487057, 41.4015954], [69.4485621, 41.4018688], [69.4485533, 41.4018855], [69.4485014, 41.4019845], [69.4484561, 41.4020707], [69.4482156, 41.4022463], [69.4480995, 41.4023311], [69.4473929, 41.4028471], [69.4469152, 41.4031872], [69.4469016, 41.4031969], [69.446598, 41.4034131], [69.4460069, 41.4038434], [69.4460071, 41.4038435], [69.4460079, 41.4038442], [69.4461248, 41.4039451], [69.4461002, 41.4039686], [69.4460378, 41.4040281], [69.4458221, 41.4042946], [69.4454654, 41.4047788], [69.4452797, 41.405031], [69.445274, 41.4050387], [69.445181, 41.405165], [69.4451257, 41.4052328], [69.444968, 41.4054263], [69.4448971, 41.4054505], [69.4447794, 41.4054907], [69.4447793, 41.4054907], [69.4447196, 41.405542], [69.4447083, 41.4055538], [69.4446589, 41.4056052], [69.4444876, 41.4057833], [69.4443908, 41.4058897], [69.4442756, 41.4060163], [69.4441663, 41.4061364], [69.4441409, 41.4061638], [69.4441409, 41.4061638], [69.443978, 41.4063396], [69.4438361, 41.4064928], [69.4436801, 41.4066619], [69.4436693, 41.4066735], [69.4436154, 41.4067365], [69.4435678, 41.406792], [69.4435758, 41.4067959], [69.4437966, 41.406903], [69.4438617, 41.4069345], [69.4439408, 41.4069729], [69.4439413, 41.4069731], [69.4439464, 41.4069755], [69.4439469, 41.4069758], [69.4439672, 41.4069857], [69.4439768, 41.4069903], [69.4439983, 41.4070016], [69.4440039, 41.4070045], [69.4440062, 41.4070058], [69.4440083, 41.4070069], [69.4440115, 41.4070086], [69.4440134, 41.4070095], [69.4440824, 41.4070458], [69.4442058, 41.4071107], [69.4442058, 41.4071107], [69.4442059, 41.4071107], [69.444211, 41.4071134], [69.4442182, 41.4071172], [69.4442499, 41.4071338], [69.4442499, 41.4071339], [69.4442287, 41.4071533], [69.4441513, 41.4072243], [69.4441385, 41.407236], [69.4440395, 41.4073268], [69.4438363, 41.4075132], [69.4437685, 41.4075754], [69.4437329, 41.4076081], [69.4437048, 41.4076338], [69.4436307, 41.4077018], [69.4436148, 41.4077168], [69.4434798, 41.4078436], [69.4432701, 41.4080407], [69.4431322, 41.4081703], [69.4429872, 41.4083065], [69.4429736, 41.4083193], [69.4429556, 41.4083362], [69.4429254, 41.4083646], [69.4428491, 41.4084368], [69.4427441, 41.4085362], [69.4426721, 41.4086371], [69.442514, 41.4088591], [69.4424916, 41.4088905], [69.4424867, 41.4088973], [69.442451, 41.4089463], [69.442451, 41.4089463], [69.4424498, 41.4089458], [69.4424272, 41.4089358], [69.4422584, 41.4091894], [69.4421034, 41.4094223], [69.442058, 41.4094905], [69.4419985, 41.4095798], [69.4419661, 41.409625], [69.4419373, 41.4096652], [69.4417905, 41.4098698], [69.4417715, 41.4098964], [69.4416735, 41.4101118], [69.4415478, 41.4103881], [69.4413587, 41.4108174], [69.4413583, 41.4108185], [69.4413176, 41.4109232], [69.4412272, 41.411156], [69.4412078, 41.411206], [69.4411625, 41.4113227], [69.4411624, 41.4113229], [69.4410469, 41.4116291], [69.4410469, 41.4116292], [69.4410445, 41.4116356], [69.4410431, 41.4116395], [69.4410073, 41.4117379], [69.4409812, 41.4118948], [69.4409697, 41.4119637], [69.4409558, 41.4120473], [69.4409558, 41.4120473], [69.4409441, 41.4121175], [69.4409346, 41.4121746], [69.440931, 41.4122017], [69.4408958, 41.4124655], [69.4408879, 41.4125246], [69.4408859, 41.41254], [69.4408843, 41.4125624], [69.4408836, 41.4125718], [69.4408761, 41.4126779], [69.4408631, 41.4128615], [69.4408625, 41.4128692], [69.440857, 41.412949], [69.4408369, 41.4132393], [69.4408342, 41.4132789], [69.4408234, 41.4134187], [69.4408069, 41.4136319], [69.4408045, 41.4136635], [69.4408049, 41.4136693], [69.4408086, 41.4137201], [69.4408177, 41.4138449], [69.4408182, 41.4138511], [69.4408266, 41.4139667], [69.4408273, 41.4139755], [69.4408667, 41.4144691], [69.4408718, 41.4144912], [69.4409481, 41.4148206], [69.44098, 41.4149506], [69.4409799, 41.4149506], [69.4410567, 41.4152633], [69.4411522, 41.4155628], [69.4412263, 41.4157776], [69.4412362, 41.4158062], [69.4412409, 41.4158193], [69.4413711, 41.416178], [69.441409, 41.4162683], [69.4414947, 41.4164426], [69.4415499, 41.4165473], [69.4415507, 41.4165488], [69.4415694, 41.4165842], [69.4416015, 41.4166451], [69.4416264, 41.4166923], [69.4416603, 41.4167567], [69.4416972, 41.4168268], [69.4417031, 41.416838], [69.4417055, 41.4168426], [69.4417415, 41.4169163], [69.4417935, 41.4170229], [69.441828, 41.4170937], [69.4418297, 41.4170972], [69.4418581, 41.4171578], [69.4418612, 41.4171646], [69.4418662, 41.4172083], [69.4419396, 41.4173321], [69.4419506, 41.4173556], [69.441986, 41.4174312], [69.4420153, 41.4174735], [69.4420616, 41.4175406], [69.4421557, 41.4176769], [69.4421676, 41.4176934], [69.4423238, 41.4179113], [69.4423249, 41.4179129], [69.4423286, 41.417918], [69.4423409, 41.4179351], [69.4424091, 41.4180303], [69.4424285, 41.4180504], [69.4424879, 41.4181117], [69.4425358, 41.4181612], [69.4427272, 41.4183591], [69.4427422, 41.4183746], [69.442853, 41.4184891], [69.4428967, 41.4185344], [69.4430589, 41.4187026], [69.4431409, 41.4187876], [69.4433557, 41.419011], [69.4435216, 41.4191837], [69.4435333, 41.4191965], [69.4437585, 41.4194447], [69.4437752, 41.4194565], [69.4438843, 41.4195338], [69.4439107, 41.4195527], [69.4440108, 41.4196242], [69.4442488, 41.4197942], [69.4445011, 41.4199694], [69.4445954, 41.4200349], [69.4447277, 41.4201302], [69.4447686, 41.4201596], [69.4447956, 41.420179], [69.4449191, 41.4202577], [69.4450252, 41.4203251], [69.4450737, 41.4203558], [69.4450981, 41.4203713], [69.4451454, 41.4204013], [69.4453534, 41.4205269], [69.4453562, 41.4205286], [69.4453633, 41.4205328], [69.4454046, 41.4205588], [69.4455717, 41.4206639], [69.4456614, 41.4207205], [69.4457651, 41.4207859], [69.4458807, 41.4208558], [69.4459747, 41.4208973], [69.4459795, 41.4208994], [69.4460486, 41.420931], [69.4462611, 41.4210279], [69.446287, 41.4210398], [69.44656, 41.4211639], [69.4467216, 41.4212377], [69.4470361, 41.4213811], [69.4471181, 41.4214158], [69.4471694, 41.4214376], [69.4474282, 41.4215308], [69.4476024, 41.4215937], [69.4476382, 41.4216067], [69.4477835, 41.4216592], [69.448034, 41.4217466], [69.4481985, 41.4218023], [69.4483558, 41.4218555], [69.448469, 41.4218924], [69.4485004, 41.4219], [69.4487833, 41.421969], [69.4489003, 41.4219924], [69.4489989, 41.4220122], [69.4490753, 41.4220336], [69.4491552, 41.4220735], [69.4491803, 41.4220854], [69.4494359, 41.4222065], [69.4496671, 41.4223224], [69.4497544, 41.4223613], [69.4497783, 41.4223719], [69.4498466, 41.4223984], [69.4498976, 41.4224182], [69.4499566, 41.4224268], [69.449966, 41.4224274], [69.4501753, 41.4224622], [69.4501754, 41.4224622], [69.4501754, 41.4224622], [69.4503932, 41.4224437], [69.4504178, 41.4224416], [69.4505237, 41.4224327], [69.4505238, 41.4224327], [69.4505348, 41.4224317], [69.4505349, 41.4224317], [69.4508451, 41.4224055], [69.4509871, 41.4223935], [69.4509871, 41.4223935], [69.4512201, 41.4224089], [69.4512202, 41.4224089], [69.4512202, 41.4224089], [69.4512579, 41.4224115], [69.4515019, 41.4224343], [69.4518948, 41.4224769], [69.4518948, 41.4224769], [69.4520204, 41.422477], [69.4524236, 41.4224772]]]]}}]}